<?xml version="1.0" encoding="UTF-8"?>

<diff>

  <!-- Replacement of Yisha's Face Textures -->

  <replace sel="/materiallibrary/collection[@name='characters']/material[@name='yisha_eyeball']">
    <material name="yisha_eyeball" shader="shaderfx\high\XU_eye_ball.fx" blendmode="none" preview="none">
      <properties>
        <property type="BitMap" name="diffuse_map" value="extensions\YishaFace\assets\characters\argon_bodies\ar_eyeball_blue_color"></property>
        <property type="BitMap" name="specular_map" value="extensions\YishaFace\assets\characters\argon_bodies\ar_eyeball_spec"></property>
        <property type="Float" name="mat_diff_light_str" value="0.5"></property>
        <property type="Float" name="mat_spec_light_str" value="0.01"></property>
        <property type="Float" name="mat_diff_light_power" value="1.0"></property>
        <property type="Float" name="mat_spec_light_power" value="0.01"></property>
        <property type="Float" name="mat_spec_light_func" value="0.5"></property>
        <property type="Float" name="diffuseStr" value="1.00"></property>
        <property type="Float" name="specularStr" value="0.02"></property>
        <property type="Float" name="LambertPower" value="10.0"></property>
      </properties>
    </material>	
  </replace>

  <replace sel="/materiallibrary/collection[@name='characters']/material[@name='yisha_cornea']">
    <material name="yisha_cornea" shader="shaderfx\high\XU_eye_cornea.fx" blendmode="alpha8" preview="none">
      <properties>
        <property type="BitMap" name="occlusion_map" value="extensions\YishaFace\assets\characters\argon_bodies\ar_eyeball_cornea_occl"></property>
        <property type="BitMap" name="environment_map" value="assets\fx\textures\envmap_lightbrown"></property>
        <property type="BitMap" name="envi_light_map" value="assets\fx\characterfx\textures\eye_reflect_02"></property>
        <property type="BitMap" name="normal_map" value="assets\textures\natural\natural_grasspattern_01_bump"></property>
        <property type="Float" name="normalStr" value="0.01"></property>
        <property type="Float" name="environmentStr" value="0.1"></property>
        <property type="Float" name="envi_lightStr" value="1.0"></property>
        <property type="Float" name="mat_spec_str" value="0.01"></property>
      </properties>
    </material>	
  </replace>

  <replace sel="/materiallibrary/collection[@name='characters']/material[@name='argon_female_yisha_face']">	
    <material name="argon_female_yisha_face" shader="shaderfx\high\XU_skin.fx" blendmode="none" preview="none">
      <properties>
        <property type="BitMap" name="diffuse_map" value="extensions\YishaFace\assets\characters\argon\textures\char_ar_f_head_01_diff"></property>
        <property type="BitMap" name="diffuse_sub_map" value="extensions\YishaFace\assets\characters\argon\textures\char_ar_f_head_subd"></property>
        <property type="BitMap" name="specular_map" value="extensions\YishaFace\assets\characters\argon\textures\char_ar_f_head_spec"></property>
        <property type="BitMap" name="normal_map" value="extensions\YishaFace\assets\characters\argon\textures\char_ar_f_head_bump"></property>
        <property type="BitMap" name="occlusion_map" value="extensions\YishaFace\assets\characters\argon\textures\char_ar_f_head_occl"></property>
        <property type="Float" name="specularStr" value="0.5"></property>
        <property type="Float" name="diffuseStr" value="1.0"></property>
        <property type="Float" name="diffuse_subStr" value="0.25"></property>
        <property type="Float" name="mat_diff_light_str" value="1.0"></property>
        <property type="Float" name="mat_spec_light_str" value="30.4"></property>
        <property type="Float" name="mat_diff_light_power" value="6.0"></property>
        <property type="Float" name="mat_spec_light_power" value="20.0"></property>
        <property type="Float" name="mat_spec_light_func" value="0.50"></property>
        <property type="Float" name="occlusionStr" value="1.0"></property>
        <property type="Float" name="normalStr" value="1.3"></property>
        <property type="Float" name="environmentStr" value="0.1"></property>
        <property type="Color" name="fresnel_color" r="138" g="165" b="185" a="255" value="(color 138 165 185)"></property>
        <property type="Float" name="fresnel_strength" value="0.1"></property>
        <property type="Float" name="fresnel_power" value="30.0"></property>
      </properties>
    </material>
  </replace>

</diff>




