<?xml version="1.0" encoding="iso-8859-1"?>

<diff>

  <replace sel="/macros/macro[@name='character_argon_yisha_macro']">
  <macro name="character_argon_yisha_macro" class="npc">
    <component ref="character_argon_female_civil_01" />
    <properties>
      <identification name="{30302,301}" owner="player" race="argon" female="true" page="10003"/>
      <facemods>
      </facemods>
      <models>
        <!-- Head -->
        <model type="head" ref="assets\characters\argon_bodies\ar_yisha_head" />
        <model type="torso" ref="assets\characters\argon_bodies\ar_yisha_body" />
      </models>
    </properties>
  </macro>
  </replace>

</diff>
