<?xml version="1.0"?>
<presentation>
	<elements>
		<element index="0" id="AK1" name="Scene" type="dummy" large="1">
			<slides>
				<slide name="Master Slide" flags="0" starttime="0" endtime="4000">
					<affected_elements>
						<element_settings index="0" name="Scene" activate="0" />
						<element_settings index="1" activate="0" />
						<element_settings index="2" activate="0" />
						<element_settings index="3" name="Layer" activate="0" />
						<element_settings index="4" name="Camera" activate="0" />
						<element_settings index="5" name="pp_background" activate="0" />
						<element_settings index="6" name="Material742" activate="0" />
						<element_settings index="7" name="pp_background" activate="0" />
						<element_settings index="8" name="gun" activate="0" />
						<element_settings index="15" name="overheat" activate="0" />
						<element_settings index="19" name="weaponname" activate="0" />
						<element_settings index="20" name="ammo" activate="0" />
						<element_settings index="21" name="damage" activate="0" />
						<element_settings index="30" name="bar" activate="0" />
						<element_settings index="35" name="pp_gradient" activate="0">
							<attributes>
								<attribute name="position.x" type="float" value="3.000000" />
								<attribute name="position.y" type="float" value="181.000000" />
								<attribute name="position.z" type="float" value="-9.000000" />
							</attributes>
							<animations>
								<animation index="48" activate="0" />
								<animation index="49" activate="0" />
								<animation index="50" activate="0" />
								<animation index="51" activate="0" />
								<animation index="52" activate="0" />
								<animation index="53" activate="0" />
							</animations>
						</element_settings>
						<element_settings index="36" name="Material301" activate="0" />
						<element_settings index="37" name="pp_gradient" activate="0" />
					</affected_elements>
				</slide>
				<slide name="gun idle" flags="0" starttime="0" endtime="4000">
					<affected_elements>
						<element_settings index="0" name="Scene" activate="1" />
						<element_settings index="1" activate="1" />
						<element_settings index="2" activate="1" />
						<element_settings index="3" name="Layer" activate="1" />
						<element_settings index="4" name="Camera" activate="1" />
						<element_settings index="5" name="pp_background" activate="1" />
						<element_settings index="6" name="Material742" activate="1" />
						<element_settings index="7" name="pp_background" activate="1" />
						<element_settings index="8" name="gun" activate="1" />
						<element_settings index="15" name="overheat" activate="1" />
						<element_settings index="19" name="weaponname" activate="1" />
						<element_settings index="20" name="ammo" activate="1" />
						<element_settings index="21" name="damage" activate="1" />
						<element_settings index="30" name="bar" activate="1" />
						<element_settings index="35" name="pp_gradient" activate="1">
							<attributes>
								<attribute name="position.x" type="float" value="0.000000" />
								<attribute name="position.y" type="float" value="0.000000" />
								<attribute name="position.z" type="float" value="0.000000" />
							</attributes>
							<animations>
								<animation index="48" activate="0" />
								<animation index="49" activate="0" />
								<animation index="50" activate="0" />
								<animation index="51" activate="1" />
								<animation index="52" activate="1" />
								<animation index="53" activate="1" />
							</animations>
						</element_settings>
						<element_settings index="36" name="Material301" activate="1" />
						<element_settings index="37" name="pp_gradient" activate="1" />
					</affected_elements>
				</slide>
			</slides>
			<elements>
				<element index="1" type="contract" large="0">
					<attributes>
						<attribute name="endtime" type="int" value="4000" />
						<attribute name="timeoffset" type="int" value="0" />
						<attribute name="AKCustomObjType" type="string" value="contract" />
						<attribute name="0x073F25FB" type="bool" value="1" />
						<attribute name="0x04A9EC63" type="string" value="UIContract" />
					</attributes>
					<events>
						<event name="onUp" />
						<event name="onDown" />
						<event name="onLeft" />
						<event name="onRight" />
						<event name="onSelect" />
						<event name="onBack" />
						<event name="onKeyDown" />
					</events>
				</element>
				<element index="2" type="contract" large="0">
					<attributes>
						<attribute name="endtime" type="int" value="4000" />
						<attribute name="timeoffset" type="int" value="0" />
						<attribute name="BehaviorScripts" type="string" value="Cockpit Primarypanel.lua" />
					</attributes>
				</element>
				<element index="3" id="AK2" name="Layer" type="geometry" large="0">
					<attributes>
						<attribute name="endtime" type="int" value="4000" />
						<attribute name="timeoffset" type="int" value="0" />
						<attribute name="transparent" type="bool" value="0" />
						<attribute name="renderpriority" type="int" value="0" />
						<attribute name="rendertarget" type="string" value="assets\fx\rendertargets\cockpit_primarypanel-rendertarget" />
						<attribute name="renderbehindcockpit" type="bool" value="0" />
						<attribute name="mousepicking" type="bool" value="0" />
						<attribute name="rendergroupidentifier" type="int" value="1" />
					</attributes>
					<elements>
						<element index="4" id="AK4" name="Camera" type="camera" large="0">
							<attributes>
								<attribute name="clipfar" type="float" value="100000.000000" />
								<attribute name="clipnear" type="float" value="10.000000" />
								<attribute name="endtime" type="int" value="4000" />
								<attribute name="fogcolor.r" type="float" value="0.000000" />
								<attribute name="fogcolor.g" type="float" value="0.000000" />
								<attribute name="fogcolor.b" type="float" value="0.000000" />
								<attribute name="fogcolor.a" type="float" value="0.000000" />
								<attribute name="fogenable" type="bool" value="0" />
								<attribute name="fogfar" type="float" value="5000.000000" />
								<attribute name="0x034179DF" type="int" value="0" />
								<attribute name="fognear" type="float" value="0.000000" />
								<attribute name="0x05E4F468" type="int" value="2" />
								<attribute name="fov" type="float" value="25.714300" />
								<attribute name="0x055BB8E3" type="bool" value="0" />
								<attribute name="0x07C50A18" type="float" value="0.000000" />
								<attribute name="0x07C60A57" type="float" value="0.000000" />
								<attribute name="0x07C70A96" type="float" value="0.000000" />
								<attribute name="orientation" type="int" value="0" />
								<attribute name="orthographic" type="bool" value="0" />
								<attribute name="pivot.x" type="float" value="0.000000" />
								<attribute name="pivot.y" type="float" value="0.000000" />
								<attribute name="pivot.z" type="float" value="0.000000" />
								<attribute name="position.x" type="float" value="0.000000" />
								<attribute name="position.y" type="float" value="0.000000" />
								<attribute name="position.z" type="float" value="-600.000000" />
								<attribute name="0x03972110" type="float" value="0.000000" />
								<attribute name="0x0398214F" type="float" value="0.000000" />
								<attribute name="0x0399218E" type="float" value="0.000000" />
								<attribute name="0x042455BC" type="int" value="1" />
								<attribute name="rotation.x" type="float" value="0.000000" />
								<attribute name="rotation.y" type="float" value="0.000000" />
								<attribute name="rotation.z" type="float" value="0.000000" />
								<attribute name="rotationorder" type="int" value="4" />
								<attribute name="0x051A161B" type="float" value="0.000000" />
								<attribute name="0x051B165A" type="float" value="0.000000" />
								<attribute name="0x051C1699" type="float" value="0.000000" />
								<attribute name="scale.x" type="float" value="1.000000" />
								<attribute name="scale.y" type="float" value="1.000000" />
								<attribute name="scale.z" type="float" value="1.000000" />
								<attribute name="0x0793DEB3" type="bool" value="0" />
								<attribute name="timeoffset" type="int" value="0" />
							</attributes>
						</element>
						<element index="5" id="AK5" name="pp_background" type="geometry" large="0">
							<elements>
								<element index="6" id="AK10" name="Material742" type="material" large="0">
									<elements>
										<element index="7" id="AK11" name="pp_background" type="texture" large="0" />
									</elements>
								</element>
							</elements>
						</element>
						<element index="8" id="AK12" name="gun" type="dummy" large="1">
							<slides>
								<slide name="Master Slide" flags="9" starttime="0" endtime="1000">
									<affected_elements>
										<element_settings index="8" name="gun" activate="0" />
										<element_settings index="9" name="chaingun1" activate="0">
											<attributes>
												<attribute name="opacity" type="float" value="100.000000" />
												<attribute name="position.x" type="float" value="26.000000" />
												<attribute name="position.y" type="float" value="-96.000000" />
												<attribute name="position.z" type="float" value="0.000000" />
												<attribute name="rotation.x" type="float" value="0.000000" />
												<attribute name="rotation.y" type="float" value="0.000000" />
												<attribute name="rotation.z" type="float" value="0.000000" />
											</attributes>
											<animations>
												<animation index="0" activate="0" />
												<animation index="1" activate="0" />
												<animation index="2" activate="0" />
												<animation index="3" activate="0" />
												<animation index="4" activate="0" />
												<animation index="5" activate="0" />
												<animation index="6" activate="0" />
												<animation index="7" activate="0" />
												<animation index="8" activate="0" />
												<animation index="9" activate="0" />
												<animation index="10" activate="0" />
												<animation index="11" activate="0" />
												<animation index="12" activate="0" />
												<animation index="13" activate="0" />
												<animation index="14" activate="0" />
												<animation index="15" activate="0" />
												<animation index="16" activate="0" />
												<animation index="17" activate="0" />
												<animation index="18" activate="0" />
												<animation index="19" activate="0" />
												<animation index="20" activate="0" />
												<animation index="21" activate="0" />
												<animation index="22" activate="0" />
												<animation index="23" activate="0" />
												<animation index="24" activate="0" />
												<animation index="25" activate="0" />
												<animation index="26" activate="0" />
											</animations>
										</element_settings>
										<element_settings index="10" name="material" activate="0" />
										<element_settings index="11" name="pp_chaingun" activate="0" />
										<element_settings index="12" name="shotgun" activate="0">
											<attributes>
												<attribute name="opacity" type="float" value="100.000000" />
												<attribute name="position.x" type="float" value="26.000000" />
												<attribute name="position.y" type="float" value="-96.000000" />
												<attribute name="position.z" type="float" value="0.000000" />
												<attribute name="rotation.x" type="float" value="0.000000" />
												<attribute name="rotation.y" type="float" value="0.000000" />
												<attribute name="rotation.z" type="float" value="0.000000" />
											</attributes>
											<animations>
												<animation index="27" activate="0" />
												<animation index="28" activate="0" />
												<animation index="29" activate="0" />
												<animation index="30" activate="0" />
												<animation index="31" activate="0" />
												<animation index="32" activate="0" />
												<animation index="33" activate="0" />
												<animation index="34" activate="0" />
												<animation index="35" activate="0" />
												<animation index="36" activate="0" />
												<animation index="37" activate="0" />
												<animation index="38" activate="0" />
												<animation index="39" activate="0" />
												<animation index="40" activate="0" />
												<animation index="41" activate="0" />
												<animation index="42" activate="0" />
												<animation index="43" activate="0" />
											</animations>
										</element_settings>
										<element_settings index="13" name="material" activate="0" />
										<element_settings index="14" name="pp_shotgun" activate="0" />
									</affected_elements>
								</slide>
								<slide name="inactive" flags="13" starttime="0" endtime="1000">
									<affected_elements>
										<element_settings index="8" name="gun" activate="1" />
										<element_settings index="9" name="chaingun1" activate="1">
											<attributes>
												<attribute name="endtime" type="int" value="1000" />
												<attribute name="opacity" type="float" value="0.000000" />
												<attribute name="position.x" type="float" value="26.000000" />
												<attribute name="position.y" type="float" value="-96.000000" />
												<attribute name="position.z" type="float" value="0.000000" />
												<attribute name="rotation.x" type="float" value="0.000000" />
												<attribute name="rotation.y" type="float" value="0.000000" />
												<attribute name="rotation.z" type="float" value="0.000000" />
											</attributes>
										</element_settings>
										<element_settings index="10" name="material" activate="1">
											<attributes>
												<attribute name="endtime" type="int" value="1000" />
											</attributes>
										</element_settings>
										<element_settings index="11" name="pp_chaingun" activate="1">
											<attributes>
												<attribute name="endtime" type="int" value="1000" />
											</attributes>
										</element_settings>
										<element_settings index="12" name="shotgun" activate="1">
											<attributes>
												<attribute name="endtime" type="int" value="1000" />
												<attribute name="opacity" type="float" value="0.000000" />
												<attribute name="position.x" type="float" value="26.000000" />
												<attribute name="position.y" type="float" value="-96.000000" />
												<attribute name="position.z" type="float" value="0.000000" />
												<attribute name="rotation.x" type="float" value="0.000000" />
												<attribute name="rotation.y" type="float" value="0.000000" />
												<attribute name="rotation.z" type="float" value="0.000000" />
											</attributes>
										</element_settings>
										<element_settings index="13" name="material" activate="1">
											<attributes>
												<attribute name="endtime" type="int" value="1000" />
											</attributes>
										</element_settings>
										<element_settings index="14" name="pp_shotgun" activate="1">
											<attributes>
												<attribute name="endtime" type="int" value="1000" />
											</attributes>
										</element_settings>
									</affected_elements>
								</slide>
								<slide name="activate" flags="17" starttime="0" endtime="500">
									<affected_elements>
										<element_settings index="8" name="gun" activate="1" />
										<element_settings index="9" name="chaingun1" activate="1">
											<attributes>
												<attribute name="endtime" type="int" value="500" />
												<attribute name="opacity" type="float" value="100.000000" />
												<attribute name="position.x" type="float" value="26.000000" />
												<attribute name="position.y" type="float" value="-103.000000" />
												<attribute name="position.z" type="float" value="0.000000" />
												<attribute name="rotation.x" type="float" value="0.000000" />
												<attribute name="rotation.y" type="float" value="0.000000" />
												<attribute name="rotation.z" type="float" value="-1.570800" />
											</attributes>
											<animations>
												<animation index="0" activate="1" />
												<animation index="1" activate="1" />
												<animation index="2" activate="1" />
												<animation index="3" activate="1" />
												<animation index="4" activate="1" />
												<animation index="5" activate="1" />
												<animation index="6" activate="1" />
											</animations>
										</element_settings>
										<element_settings index="10" name="material" activate="1">
											<attributes>
												<attribute name="endtime" type="int" value="500" />
											</attributes>
										</element_settings>
										<element_settings index="11" name="pp_chaingun" activate="1">
											<attributes>
												<attribute name="endtime" type="int" value="500" />
											</attributes>
										</element_settings>
										<element_settings index="12" name="shotgun" activate="1">
											<attributes>
												<attribute name="endtime" type="int" value="500" />
												<attribute name="opacity" type="float" value="0.000000" />
												<attribute name="position.x" type="float" value="26.000000" />
												<attribute name="position.y" type="float" value="-96.000000" />
												<attribute name="position.z" type="float" value="0.000000" />
												<attribute name="rotation.x" type="float" value="0.000000" />
												<attribute name="rotation.y" type="float" value="0.000000" />
												<attribute name="rotation.z" type="float" value="0.000000" />
											</attributes>
										</element_settings>
										<element_settings index="13" name="material" activate="1">
											<attributes>
												<attribute name="endtime" type="int" value="500" />
											</attributes>
										</element_settings>
										<element_settings index="14" name="pp_shotgun" activate="1">
											<attributes>
												<attribute name="endtime" type="int" value="500" />
											</attributes>
										</element_settings>
									</affected_elements>
								</slide>
								<slide name="idle" flags="0" starttime="0" endtime="2000">
									<affected_elements>
										<element_settings index="8" name="gun" activate="1" />
										<element_settings index="9" name="chaingun1" activate="1">
											<attributes>
												<attribute name="endtime" type="int" value="2000" />
												<attribute name="opacity" type="float" value="100.000000" />
												<attribute name="position.x" type="float" value="26.000000" />
												<attribute name="position.y" type="float" value="-96.000000" />
												<attribute name="position.z" type="float" value="0.000000" />
												<attribute name="rotation.x" type="float" value="0.000000" />
												<attribute name="rotation.y" type="float" value="0.000000" />
												<attribute name="rotation.z" type="float" value="0.000000" />
											</attributes>
											<animations>
												<animation index="7" activate="1" />
												<animation index="8" activate="1" />
												<animation index="9" activate="1" />
											</animations>
										</element_settings>
										<element_settings index="10" name="material" activate="1">
											<attributes>
												<attribute name="endtime" type="int" value="2000" />
											</attributes>
										</element_settings>
										<element_settings index="11" name="pp_chaingun" activate="1">
											<attributes>
												<attribute name="endtime" type="int" value="2000" />
											</attributes>
										</element_settings>
										<element_settings index="12" name="shotgun" activate="1">
											<attributes>
												<attribute name="endtime" type="int" value="2000" />
												<attribute name="opacity" type="float" value="0.000000" />
												<attribute name="position.x" type="float" value="26.000000" />
												<attribute name="position.y" type="float" value="-96.000000" />
												<attribute name="position.z" type="float" value="0.000000" />
												<attribute name="rotation.x" type="float" value="0.000000" />
												<attribute name="rotation.y" type="float" value="0.000000" />
												<attribute name="rotation.z" type="float" value="0.000000" />
											</attributes>
										</element_settings>
										<element_settings index="13" name="material" activate="1">
											<attributes>
												<attribute name="endtime" type="int" value="2000" />
											</attributes>
										</element_settings>
										<element_settings index="14" name="pp_shotgun" activate="1">
											<attributes>
												<attribute name="endtime" type="int" value="2000" />
											</attributes>
										</element_settings>
									</affected_elements>
								</slide>
								<slide name="switch" flags="17" starttime="0" endtime="1000">
									<affected_elements>
										<element_settings index="8" name="gun" activate="1" />
										<element_settings index="9" name="chaingun1" activate="1">
											<attributes>
												<attribute name="endtime" type="int" value="1000" />
												<attribute name="opacity" type="float" value="100.000000" />
												<attribute name="position.x" type="float" value="26.000000" />
												<attribute name="position.y" type="float" value="-96.000000" />
												<attribute name="position.z" type="float" value="0.000000" />
												<attribute name="rotation.x" type="float" value="0.000000" />
												<attribute name="rotation.y" type="float" value="0.000000" />
												<attribute name="rotation.z" type="float" value="0.000000" />
											</attributes>
											<animations>
												<animation index="10" activate="1" />
												<animation index="11" activate="1" />
												<animation index="12" activate="1" />
												<animation index="13" activate="1" />
												<animation index="14" activate="1" />
												<animation index="15" activate="1" />
												<animation index="16" activate="1" />
											</animations>
										</element_settings>
										<element_settings index="10" name="material" activate="1">
											<attributes>
												<attribute name="endtime" type="int" value="1000" />
											</attributes>
										</element_settings>
										<element_settings index="11" name="pp_chaingun" activate="1">
											<attributes>
												<attribute name="endtime" type="int" value="1000" />
											</attributes>
										</element_settings>
										<element_settings index="12" name="shotgun" activate="1">
											<attributes>
												<attribute name="endtime" type="int" value="1000" />
												<attribute name="opacity" type="float" value="0.000000" />
												<attribute name="position.x" type="float" value="26.000000" />
												<attribute name="position.y" type="float" value="-103.000000" />
												<attribute name="position.z" type="float" value="0.000000" />
												<attribute name="rotation.x" type="float" value="0.000000" />
												<attribute name="rotation.y" type="float" value="0.000000" />
												<attribute name="rotation.z" type="float" value="-1.570800" />
											</attributes>
											<animations>
												<animation index="27" activate="1" />
												<animation index="28" activate="1" />
												<animation index="29" activate="1" />
												<animation index="30" activate="1" />
												<animation index="31" activate="1" />
												<animation index="32" activate="1" />
												<animation index="33" activate="1" />
											</animations>
										</element_settings>
										<element_settings index="13" name="material" activate="1">
											<attributes>
												<attribute name="endtime" type="int" value="1000" />
											</attributes>
										</element_settings>
										<element_settings index="14" name="pp_shotgun" activate="1">
											<attributes>
												<attribute name="endtime" type="int" value="1000" />
											</attributes>
										</element_settings>
									</affected_elements>
								</slide>
								<slide name="idle2" flags="0" starttime="0" endtime="2000">
									<affected_elements>
										<element_settings index="8" name="gun" activate="1" />
										<element_settings index="9" name="chaingun1" activate="1">
											<attributes>
												<attribute name="endtime" type="int" value="2000" />
												<attribute name="opacity" type="float" value="0.000000" />
												<attribute name="position.x" type="float" value="26.000000" />
												<attribute name="position.y" type="float" value="-96.000000" />
												<attribute name="position.z" type="float" value="0.000000" />
												<attribute name="rotation.x" type="float" value="0.000000" />
												<attribute name="rotation.y" type="float" value="0.000000" />
												<attribute name="rotation.z" type="float" value="0.000000" />
											</attributes>
										</element_settings>
										<element_settings index="10" name="material" activate="1">
											<attributes>
												<attribute name="endtime" type="int" value="2000" />
											</attributes>
										</element_settings>
										<element_settings index="11" name="pp_chaingun" activate="1">
											<attributes>
												<attribute name="endtime" type="int" value="2000" />
											</attributes>
										</element_settings>
										<element_settings index="12" name="shotgun" activate="1">
											<attributes>
												<attribute name="endtime" type="int" value="2000" />
												<attribute name="opacity" type="float" value="100.000000" />
												<attribute name="position.x" type="float" value="26.000000" />
												<attribute name="position.y" type="float" value="-96.000000" />
												<attribute name="position.z" type="float" value="0.000000" />
												<attribute name="rotation.x" type="float" value="0.000000" />
												<attribute name="rotation.y" type="float" value="0.000000" />
												<attribute name="rotation.z" type="float" value="0.000000" />
											</attributes>
											<animations>
												<animation index="34" activate="1" />
												<animation index="35" activate="1" />
												<animation index="36" activate="1" />
											</animations>
										</element_settings>
										<element_settings index="13" name="material" activate="1">
											<attributes>
												<attribute name="endtime" type="int" value="2000" />
											</attributes>
										</element_settings>
										<element_settings index="14" name="pp_shotgun" activate="1">
											<attributes>
												<attribute name="endtime" type="int" value="2000" />
											</attributes>
										</element_settings>
									</affected_elements>
								</slide>
								<slide name="switch2" flags="17" starttime="0" endtime="1000">
									<affected_elements>
										<element_settings index="8" name="gun" activate="1" />
										<element_settings index="9" name="chaingun1" activate="1">
											<attributes>
												<attribute name="endtime" type="int" value="1000" />
												<attribute name="opacity" type="float" value="100.000000" />
												<attribute name="position.x" type="float" value="26.000000" />
												<attribute name="position.y" type="float" value="-96.000000" />
												<attribute name="position.z" type="float" value="0.000000" />
												<attribute name="rotation.x" type="float" value="0.000000" />
												<attribute name="rotation.y" type="float" value="0.000000" />
												<attribute name="rotation.z" type="float" value="0.000000" />
											</attributes>
											<animations>
												<animation index="17" activate="1" />
												<animation index="18" activate="1" />
												<animation index="19" activate="1" />
												<animation index="20" activate="1" />
												<animation index="21" activate="1" />
												<animation index="22" activate="1" />
												<animation index="23" activate="1" />
											</animations>
										</element_settings>
										<element_settings index="10" name="material" activate="1">
											<attributes>
												<attribute name="endtime" type="int" value="1000" />
											</attributes>
										</element_settings>
										<element_settings index="11" name="pp_chaingun" activate="1">
											<attributes>
												<attribute name="endtime" type="int" value="1000" />
											</attributes>
										</element_settings>
										<element_settings index="12" name="shotgun" activate="1">
											<attributes>
												<attribute name="endtime" type="int" value="1000" />
												<attribute name="opacity" type="float" value="0.000000" />
												<attribute name="position.x" type="float" value="223.000000" />
												<attribute name="position.y" type="float" value="-96.000000" />
												<attribute name="position.z" type="float" value="0.000000" />
												<attribute name="rotation.x" type="float" value="0.000000" />
												<attribute name="rotation.y" type="float" value="0.000000" />
												<attribute name="rotation.z" type="float" value="1.570800" />
											</attributes>
											<animations>
												<animation index="37" activate="1" />
												<animation index="38" activate="1" />
												<animation index="39" activate="1" />
												<animation index="40" activate="1" />
												<animation index="41" activate="1" />
												<animation index="42" activate="1" />
												<animation index="43" activate="1" />
											</animations>
										</element_settings>
										<element_settings index="13" name="material" activate="1">
											<attributes>
												<attribute name="endtime" type="int" value="1000" />
											</attributes>
										</element_settings>
										<element_settings index="14" name="pp_shotgun" activate="1">
											<attributes>
												<attribute name="endtime" type="int" value="1000" />
											</attributes>
										</element_settings>
									</affected_elements>
								</slide>
								<slide name="idle3" flags="0" starttime="0" endtime="2000">
									<affected_elements>
										<element_settings index="8" name="gun" activate="1" />
										<element_settings index="9" name="chaingun1" activate="1">
											<attributes>
												<attribute name="endtime" type="int" value="2000" />
												<attribute name="opacity" type="float" value="100.000000" />
												<attribute name="position.x" type="float" value="26.000000" />
												<attribute name="position.y" type="float" value="-96.000000" />
												<attribute name="position.z" type="float" value="0.000000" />
												<attribute name="rotation.x" type="float" value="0.000000" />
												<attribute name="rotation.y" type="float" value="0.000000" />
												<attribute name="rotation.z" type="float" value="0.000000" />
											</attributes>
											<animations>
												<animation index="24" activate="1" />
												<animation index="25" activate="1" />
												<animation index="26" activate="1" />
											</animations>
										</element_settings>
										<element_settings index="10" name="material" activate="1">
											<attributes>
												<attribute name="endtime" type="int" value="2000" />
											</attributes>
										</element_settings>
										<element_settings index="11" name="pp_chaingun" activate="1">
											<attributes>
												<attribute name="endtime" type="int" value="2000" />
											</attributes>
										</element_settings>
										<element_settings index="12" name="shotgun" activate="1">
											<attributes>
												<attribute name="endtime" type="int" value="2000" />
												<attribute name="opacity" type="float" value="0.000000" />
												<attribute name="position.x" type="float" value="26.000000" />
												<attribute name="position.y" type="float" value="-96.000000" />
												<attribute name="position.z" type="float" value="0.000000" />
												<attribute name="rotation.x" type="float" value="0.000000" />
												<attribute name="rotation.y" type="float" value="0.000000" />
												<attribute name="rotation.z" type="float" value="0.000000" />
											</attributes>
										</element_settings>
										<element_settings index="13" name="material" activate="1">
											<attributes>
												<attribute name="endtime" type="int" value="2000" />
											</attributes>
										</element_settings>
										<element_settings index="14" name="pp_shotgun" activate="1">
											<attributes>
												<attribute name="endtime" type="int" value="2000" />
											</attributes>
										</element_settings>
									</affected_elements>
								</slide>
							</slides>
							<elements>
								<element index="9" id="AK13" name="chaingun1" type="geometry" large="0">
									<attributes>
										<attribute name="endtime" type="int" value="1000" />
										<attribute name="opacity" type="float" value="100.000000" />
										<attribute name="pivot.x" type="float" value="50.000000" />
										<attribute name="pivot.y" type="float" value="-50.000000" />
										<attribute name="pivot.z" type="float" value="0.000000" />
										<attribute name="position.x" type="float" value="26.000000" />
										<attribute name="position.y" type="float" value="-96.000000" />
										<attribute name="position.z" type="float" value="0.000000" />
										<attribute name="rotation.x" type="float" value="0.000000" />
										<attribute name="rotation.y" type="float" value="0.000000" />
										<attribute name="rotation.z" type="float" value="0.000000" />
										<attribute name="scale.x" type="float" value="5.400000" />
										<attribute name="scale.y" type="float" value="2.700000" />
										<attribute name="scale.z" type="float" value="1.054690" />
										<attribute name="timeoffset" type="int" value="0" />
									</attributes>
									<animations>
										<animation index="0" attribute="rotation.x" enabled="1" allow_runtime_adjustment="0">
											<keyframes>
												<keyframe time="0" p0="0.000000" p1="0.000000" p2="0.000000" />
												<keyframe time="200" p0="0.000000" p1="0.000000" p2="0.000000" />
												<keyframe time="400" p0="0.000000" p1="0.000000" p2="0.000000" />
												<keyframe time="500" p0="0.000000" p1="-0.017453" p2="-0.017453" />
											</keyframes>
										</animation>
										<animation index="1" attribute="rotation.y" enabled="1" allow_runtime_adjustment="0">
											<keyframes>
												<keyframe time="0" p0="0.000000" p1="0.000000" p2="0.000000" />
												<keyframe time="200" p0="0.000000" p1="0.000000" p2="0.000000" />
												<keyframe time="400" p0="0.000000" p1="0.000000" p2="0.000000" />
												<keyframe time="500" p0="0.000000" p1="-0.017453" p2="-0.017453" />
											</keyframes>
										</animation>
										<animation index="2" attribute="rotation.z" enabled="1" allow_runtime_adjustment="0">
											<keyframes>
												<keyframe time="0" p0="-1.570796" p1="-1.570796" p2="-0.523599" />
												<keyframe time="200" p0="0.000000" p1="0.000000" p2="0.000000" />
												<keyframe time="400" p0="0.000000" p1="0.000000" p2="0.000000" />
												<keyframe time="500" p0="0.000000" p1="-0.017453" p2="-0.017453" />
											</keyframes>
										</animation>
										<animation index="3" attribute="position.x" enabled="1" allow_runtime_adjustment="0">
											<keyframes>
												<keyframe time="200" p0="26.000000" p1="26.000000" p2="26.000000" />
												<keyframe time="400" p0="26.000000" p1="26.000000" p2="26.000000" />
												<keyframe time="500" p0="26.000000" p1="-1.000000" p2="-1.000000" />
											</keyframes>
										</animation>
										<animation index="4" attribute="position.y" enabled="1" allow_runtime_adjustment="0">
											<keyframes>
												<keyframe time="200" p0="-103.000000" p1="-103.000000" p2="-93.000000" />
												<keyframe time="400" p0="-93.000000" p1="-93.000000" p2="-96.000000" />
												<keyframe time="500" p0="-96.000000" p1="-1.000000" p2="-1.000000" />
											</keyframes>
										</animation>
										<animation index="5" attribute="position.z" enabled="1" allow_runtime_adjustment="0">
											<keyframes>
												<keyframe time="200" p0="0.000000" p1="0.000000" p2="0.000000" />
												<keyframe time="400" p0="0.000000" p1="0.000000" p2="0.000000" />
												<keyframe time="500" p0="0.000000" p1="-1.000000" p2="-1.000000" />
											</keyframes>
										</animation>
										<animation index="6" attribute="opacity" enabled="1" allow_runtime_adjustment="0">
											<keyframes>
												<keyframe time="100" p0="100.000000" p1="100.000000" p2="0.000000" />
												<keyframe time="150" p0="0.000000" p1="0.000000" p2="100.000000" />
												<keyframe time="200" p0="100.000000" p1="100.000000" p2="0.000000" />
												<keyframe time="253" p0="0.000000" p1="0.000000" p2="100.000000" />
												<keyframe time="301" p0="100.000000" p1="100.000000" p2="0.000000" />
												<keyframe time="350" p0="0.000000" p1="0.000000" p2="100.000000" />
												<keyframe time="397" p0="100.000000" p1="-1.000000" p2="-1.000000" />
											</keyframes>
										</animation>
										<animation index="7" attribute="position.x" enabled="1" allow_runtime_adjustment="0">
											<keyframes>
												<keyframe time="0" p0="26.000000" p1="26.000000" p2="26.000000" />
												<keyframe time="1000" p0="26.000000" p1="26.000000" p2="26.000000" />
												<keyframe time="2000" p0="26.000000" p1="-1.000000" p2="-1.000000" />
											</keyframes>
										</animation>
										<animation index="8" attribute="position.y" enabled="1" allow_runtime_adjustment="0">
											<keyframes>
												<keyframe time="0" p0="-96.000000" p1="-96.000000" p2="-98.000000" />
												<keyframe time="1000" p0="-98.000000" p1="-98.000000" p2="-96.000000" />
												<keyframe time="2000" p0="-96.000000" p1="-1.000000" p2="-1.000000" />
											</keyframes>
										</animation>
										<animation index="9" attribute="position.z" enabled="1" allow_runtime_adjustment="0">
											<keyframes>
												<keyframe time="0" p0="0.000000" p1="0.000000" p2="0.000000" />
												<keyframe time="1000" p0="0.000000" p1="0.000000" p2="0.000000" />
												<keyframe time="2000" p0="0.000000" p1="-1.000000" p2="-1.000000" />
											</keyframes>
										</animation>
										<animation index="10" attribute="position.x" enabled="1" allow_runtime_adjustment="0">
											<keyframes>
												<keyframe time="0" p0="26.000000" p1="26.000000" p2="223.000000" />
												<keyframe time="500" p0="223.000000" p1="-1.000000" p2="-1.000000" />
											</keyframes>
										</animation>
										<animation index="11" attribute="position.y" enabled="1" allow_runtime_adjustment="0">
											<keyframes>
												<keyframe time="0" p0="-96.000000" p1="-96.000000" p2="-96.000000" />
												<keyframe time="500" p0="-96.000000" p1="-1.000000" p2="-1.000000" />
											</keyframes>
										</animation>
										<animation index="12" attribute="position.z" enabled="1" allow_runtime_adjustment="0">
											<keyframes>
												<keyframe time="0" p0="0.000000" p1="0.000000" p2="0.000000" />
												<keyframe time="500" p0="0.000000" p1="-1.000000" p2="-1.000000" />
											</keyframes>
										</animation>
										<animation index="13" attribute="rotation.x" enabled="1" allow_runtime_adjustment="0">
											<keyframes>
												<keyframe time="0" p0="0.000000" p1="0.000000" p2="0.000000" />
												<keyframe time="100" p0="0.000000" p1="0.000000" p2="0.000000" />
												<keyframe time="500" p0="0.000000" p1="-0.017453" p2="-0.017453" />
											</keyframes>
										</animation>
										<animation index="14" attribute="rotation.y" enabled="1" allow_runtime_adjustment="0">
											<keyframes>
												<keyframe time="0" p0="0.000000" p1="0.000000" p2="0.000000" />
												<keyframe time="100" p0="0.000000" p1="0.000000" p2="0.000000" />
												<keyframe time="500" p0="0.000000" p1="-0.017453" p2="-0.017453" />
											</keyframes>
										</animation>
										<animation index="15" attribute="rotation.z" enabled="1" allow_runtime_adjustment="0">
											<keyframes>
												<keyframe time="0" p0="0.000000" p1="0.000000" p2="-0.017453" />
												<keyframe time="100" p0="-0.017453" p1="-0.017453" p2="1.570796" />
												<keyframe time="500" p0="1.570796" p1="-0.017453" p2="-0.017453" />
											</keyframes>
										</animation>
										<animation index="16" attribute="opacity" enabled="1" allow_runtime_adjustment="0">
											<keyframes>
												<keyframe time="100" p0="100.000000" p1="100.000000" p2="0.000000" />
												<keyframe time="150" p0="0.000000" p1="0.000000" p2="66.666672" />
												<keyframe time="200" p0="100.000000" p1="100.000000" p2="100.000000" />
												<keyframe time="250" p0="100.000000" p1="100.000000" p2="0.000000" />
												<keyframe time="300" p0="0.000000" p1="0.000000" p2="100.000000" />
												<keyframe time="350" p0="100.000000" p1="100.000000" p2="0.000000" />
												<keyframe time="373" p0="0.000000" p1="-1.000000" p2="-1.000000" />
											</keyframes>
										</animation>
										<animation index="17" attribute="position.x" enabled="1" allow_runtime_adjustment="0">
											<keyframes>
												<keyframe time="0" p0="26.000000" p1="26.000000" p2="26.000002" />
												<keyframe time="490" p0="26.000002" p1="26.000002" p2="26.000000" />
												<keyframe time="500" p0="26.000000" p1="26.000000" p2="26.000000" />
												<keyframe time="700" p0="26.000000" p1="26.000000" p2="26.000000" />
												<keyframe time="900" p0="26.000000" p1="26.000000" p2="26.000000" />
												<keyframe time="1000" p0="26.000000" p1="-1.000000" p2="-1.000000" />
											</keyframes>
										</animation>
										<animation index="18" attribute="position.y" enabled="1" allow_runtime_adjustment="0">
											<keyframes>
												<keyframe time="0" p0="-96.018524" p1="-96.018524" p2="-96.018524" />
												<keyframe time="490" p0="-96.018524" p1="-96.018524" p2="-96.018524" />
												<keyframe time="500" p0="-96.018524" p1="-96.018524" p2="-103.000000" />
												<keyframe time="700" p0="-103.000000" p1="-103.000000" p2="-93.000000" />
												<keyframe time="900" p0="-93.000000" p1="-93.000000" p2="-96.000000" />
												<keyframe time="1000" p0="-96.000000" p1="-1.000000" p2="-1.000000" />
											</keyframes>
										</animation>
										<animation index="19" attribute="position.z" enabled="1" allow_runtime_adjustment="0">
											<keyframes>
												<keyframe time="0" p0="0.000000" p1="0.000000" p2="0.000000" />
												<keyframe time="490" p0="0.000000" p1="0.000000" p2="0.000000" />
												<keyframe time="500" p0="0.000000" p1="0.000000" p2="0.000000" />
												<keyframe time="700" p0="0.000000" p1="0.000000" p2="0.000000" />
												<keyframe time="900" p0="0.000000" p1="0.000000" p2="0.000000" />
												<keyframe time="1000" p0="0.000000" p1="-1.000000" p2="-1.000000" />
											</keyframes>
										</animation>
										<animation index="20" attribute="rotation.x" enabled="1" allow_runtime_adjustment="0">
											<keyframes>
												<keyframe time="0" p0="0.000000" p1="0.000000" p2="0.000000" />
												<keyframe time="490" p0="0.000000" p1="0.000000" p2="0.000000" />
												<keyframe time="500" p0="0.000000" p1="0.000000" p2="0.000000" />
												<keyframe time="700" p0="0.000000" p1="0.000000" p2="0.000000" />
												<keyframe time="900" p0="0.000000" p1="0.000000" p2="0.000000" />
												<keyframe time="1000" p0="0.000000" p1="-0.017453" p2="-0.017453" />
											</keyframes>
										</animation>
										<animation index="21" attribute="rotation.y" enabled="1" allow_runtime_adjustment="0">
											<keyframes>
												<keyframe time="0" p0="0.000000" p1="0.000000" p2="0.000000" />
												<keyframe time="490" p0="0.000000" p1="0.000000" p2="0.000000" />
												<keyframe time="500" p0="0.000000" p1="0.000000" p2="0.000000" />
												<keyframe time="700" p0="0.000000" p1="0.000000" p2="0.000000" />
												<keyframe time="900" p0="0.000000" p1="0.000000" p2="0.000000" />
												<keyframe time="1000" p0="0.000000" p1="-0.017453" p2="-0.017453" />
											</keyframes>
										</animation>
										<animation index="22" attribute="rotation.z" enabled="1" allow_runtime_adjustment="0">
											<keyframes>
												<keyframe time="0" p0="-1.570796" p1="-1.570796" p2="-1.570796" />
												<keyframe time="490" p0="-1.570796" p1="-1.570796" p2="-1.570796" />
												<keyframe time="500" p0="-1.570796" p1="-1.570796" p2="-0.523599" />
												<keyframe time="700" p0="0.000000" p1="0.000000" p2="0.000000" />
												<keyframe time="900" p0="0.000000" p1="0.000000" p2="0.000000" />
												<keyframe time="1000" p0="0.000000" p1="-0.017453" p2="-0.017453" />
											</keyframes>
										</animation>
										<animation index="23" attribute="opacity" enabled="1" allow_runtime_adjustment="0">
											<keyframes>
												<keyframe time="0" p0="0.000000" p1="0.000000" p2="0.000000" />
												<keyframe time="490" p0="0.000000" p1="0.000000" p2="100.000000" />
												<keyframe time="500" p0="100.000000" p1="100.000000" p2="0.000000" />
												<keyframe time="550" p0="0.000000" p1="0.000000" p2="100.000000" />
												<keyframe time="600" p0="100.000000" p1="100.000000" p2="0.000000" />
												<keyframe time="653" p0="0.000000" p1="0.000000" p2="100.000000" />
												<keyframe time="701" p0="100.000000" p1="100.000000" p2="0.000000" />
												<keyframe time="750" p0="0.000000" p1="0.000000" p2="100.000000" />
												<keyframe time="797" p0="100.000000" p1="-1.000000" p2="-1.000000" />
											</keyframes>
										</animation>
										<animation index="24" attribute="position.x" enabled="1" allow_runtime_adjustment="0">
											<keyframes>
												<keyframe time="0" p0="26.000000" p1="26.000000" p2="26.000000" />
												<keyframe time="1000" p0="26.000000" p1="26.000000" p2="26.000000" />
												<keyframe time="2000" p0="26.000000" p1="-1.000000" p2="-1.000000" />
											</keyframes>
										</animation>
										<animation index="25" attribute="position.y" enabled="1" allow_runtime_adjustment="0">
											<keyframes>
												<keyframe time="0" p0="-96.000000" p1="-96.000000" p2="-98.000000" />
												<keyframe time="1000" p0="-98.000000" p1="-98.000000" p2="-96.000000" />
												<keyframe time="2000" p0="-96.000000" p1="-1.000000" p2="-1.000000" />
											</keyframes>
										</animation>
										<animation index="26" attribute="position.z" enabled="1" allow_runtime_adjustment="0">
											<keyframes>
												<keyframe time="0" p0="0.000000" p1="0.000000" p2="0.000000" />
												<keyframe time="1000" p0="0.000000" p1="0.000000" p2="0.000000" />
												<keyframe time="2000" p0="0.000000" p1="-1.000000" p2="-1.000000" />
											</keyframes>
										</animation>
									</animations>
									<elements>
										<element index="10" id="AK18" name="material" type="material" large="0">
											<attributes>
												<attribute name="endtime" type="int" value="1000" />
											</attributes>
											<elements>
												<element index="11" id="AK19" name="pp_chaingun" type="texture" large="0">
													<attributes>
														<attribute name="endtime" type="int" value="1000" />
													</attributes>
												</element>
											</elements>
										</element>
									</elements>
								</element>
								<element index="12" id="AK20" name="shotgun" type="geometry" large="0">
									<attributes>
										<attribute name="endtime" type="int" value="1000" />
										<attribute name="opacity" type="float" value="100.000000" />
										<attribute name="pivot.x" type="float" value="50.000000" />
										<attribute name="pivot.y" type="float" value="-50.000000" />
										<attribute name="pivot.z" type="float" value="0.000000" />
										<attribute name="position.x" type="float" value="26.000000" />
										<attribute name="position.y" type="float" value="-96.000000" />
										<attribute name="position.z" type="float" value="0.000000" />
										<attribute name="rotation.x" type="float" value="0.000000" />
										<attribute name="rotation.y" type="float" value="0.000000" />
										<attribute name="rotation.z" type="float" value="0.000000" />
										<attribute name="scale.x" type="float" value="5.400000" />
										<attribute name="scale.y" type="float" value="2.700000" />
										<attribute name="scale.z" type="float" value="1.054690" />
										<attribute name="timeoffset" type="int" value="0" />
									</attributes>
									<animations>
										<animation index="27" attribute="rotation.x" enabled="1" allow_runtime_adjustment="0">
											<keyframes>
												<keyframe time="500" p0="0.000000" p1="0.000000" p2="0.000000" />
												<keyframe time="700" p0="0.000000" p1="0.000000" p2="0.000000" />
												<keyframe time="900" p0="0.000000" p1="0.000000" p2="0.000000" />
												<keyframe time="1000" p0="0.000000" p1="-0.017453" p2="-0.017453" />
											</keyframes>
										</animation>
										<animation index="28" attribute="rotation.y" enabled="1" allow_runtime_adjustment="0">
											<keyframes>
												<keyframe time="500" p0="0.000000" p1="0.000000" p2="0.000000" />
												<keyframe time="700" p0="0.000000" p1="0.000000" p2="0.000000" />
												<keyframe time="900" p0="0.000000" p1="0.000000" p2="0.000000" />
												<keyframe time="1000" p0="0.000000" p1="-0.017453" p2="-0.017453" />
											</keyframes>
										</animation>
										<animation index="29" attribute="rotation.z" enabled="1" allow_runtime_adjustment="0">
											<keyframes>
												<keyframe time="500" p0="-1.570796" p1="-1.570796" p2="-0.523599" />
												<keyframe time="700" p0="0.000000" p1="0.000000" p2="0.000000" />
												<keyframe time="900" p0="0.000000" p1="0.000000" p2="0.000000" />
												<keyframe time="1000" p0="0.000000" p1="-0.017453" p2="-0.017453" />
											</keyframes>
										</animation>
										<animation index="30" attribute="position.x" enabled="1" allow_runtime_adjustment="0">
											<keyframes>
												<keyframe time="700" p0="26.000000" p1="26.000000" p2="26.000000" />
												<keyframe time="900" p0="26.000000" p1="26.000000" p2="26.000000" />
												<keyframe time="1000" p0="26.000000" p1="-1.000000" p2="-1.000000" />
											</keyframes>
										</animation>
										<animation index="31" attribute="position.y" enabled="1" allow_runtime_adjustment="0">
											<keyframes>
												<keyframe time="700" p0="-103.000000" p1="-103.000000" p2="-93.000000" />
												<keyframe time="900" p0="-93.000000" p1="-93.000000" p2="-96.000000" />
												<keyframe time="1000" p0="-96.000000" p1="-1.000000" p2="-1.000000" />
											</keyframes>
										</animation>
										<animation index="32" attribute="position.z" enabled="1" allow_runtime_adjustment="0">
											<keyframes>
												<keyframe time="700" p0="0.000000" p1="0.000000" p2="0.000000" />
												<keyframe time="900" p0="0.000000" p1="0.000000" p2="0.000000" />
												<keyframe time="1000" p0="0.000000" p1="-1.000000" p2="-1.000000" />
											</keyframes>
										</animation>
										<animation index="33" attribute="opacity" enabled="1" allow_runtime_adjustment="0">
											<keyframes>
												<keyframe time="0" p0="0.000000" p1="0.000000" p2="0.000000" />
												<keyframe time="483" p0="0.000000" p1="0.000000" p2="100.000000" />
												<keyframe time="500" p0="100.000000" p1="100.000000" p2="0.000000" />
												<keyframe time="550" p0="0.000000" p1="0.000000" p2="100.000000" />
												<keyframe time="600" p0="100.000000" p1="100.000000" p2="0.000000" />
												<keyframe time="653" p0="0.000000" p1="0.000000" p2="100.000000" />
												<keyframe time="701" p0="100.000000" p1="100.000000" p2="0.000000" />
												<keyframe time="750" p0="0.000000" p1="0.000000" p2="100.000000" />
												<keyframe time="797" p0="100.000000" p1="-1.000000" p2="-1.000000" />
											</keyframes>
										</animation>
										<animation index="34" attribute="position.x" enabled="1" allow_runtime_adjustment="0">
											<keyframes>
												<keyframe time="0" p0="26.000000" p1="26.000000" p2="26.000000" />
												<keyframe time="1000" p0="26.000000" p1="26.000000" p2="26.000000" />
												<keyframe time="2000" p0="26.000000" p1="-1.000000" p2="-1.000000" />
											</keyframes>
										</animation>
										<animation index="35" attribute="position.y" enabled="1" allow_runtime_adjustment="0">
											<keyframes>
												<keyframe time="0" p0="-96.000000" p1="-96.000000" p2="-98.000000" />
												<keyframe time="1000" p0="-98.000000" p1="-98.000000" p2="-96.000000" />
												<keyframe time="2000" p0="-96.000000" p1="-1.000000" p2="-1.000000" />
											</keyframes>
										</animation>
										<animation index="36" attribute="position.z" enabled="1" allow_runtime_adjustment="0">
											<keyframes>
												<keyframe time="0" p0="0.000000" p1="0.000000" p2="0.000000" />
												<keyframe time="1000" p0="0.000000" p1="0.000000" p2="0.000000" />
												<keyframe time="2000" p0="0.000000" p1="-1.000000" p2="-1.000000" />
											</keyframes>
										</animation>
										<animation index="37" attribute="position.x" enabled="1" allow_runtime_adjustment="0">
											<keyframes>
												<keyframe time="0" p0="26.000000" p1="26.000000" p2="223.000000" />
												<keyframe time="500" p0="223.000000" p1="-1.000000" p2="-1.000000" />
											</keyframes>
										</animation>
										<animation index="38" attribute="position.y" enabled="1" allow_runtime_adjustment="0">
											<keyframes>
												<keyframe time="0" p0="-96.000000" p1="-96.000000" p2="-96.000000" />
												<keyframe time="500" p0="-96.000000" p1="-1.000000" p2="-1.000000" />
											</keyframes>
										</animation>
										<animation index="39" attribute="position.z" enabled="1" allow_runtime_adjustment="0">
											<keyframes>
												<keyframe time="0" p0="0.000000" p1="0.000000" p2="0.000000" />
												<keyframe time="500" p0="0.000000" p1="-1.000000" p2="-1.000000" />
											</keyframes>
										</animation>
										<animation index="40" attribute="rotation.x" enabled="1" allow_runtime_adjustment="0">
											<keyframes>
												<keyframe time="0" p0="0.000000" p1="0.000000" p2="0.000000" />
												<keyframe time="100" p0="0.000000" p1="0.000000" p2="0.000000" />
												<keyframe time="500" p0="0.000000" p1="-0.017453" p2="-0.017453" />
											</keyframes>
										</animation>
										<animation index="41" attribute="rotation.y" enabled="1" allow_runtime_adjustment="0">
											<keyframes>
												<keyframe time="0" p0="0.000000" p1="0.000000" p2="0.000000" />
												<keyframe time="100" p0="0.000000" p1="0.000000" p2="0.000000" />
												<keyframe time="500" p0="0.000000" p1="-0.017453" p2="-0.017453" />
											</keyframes>
										</animation>
										<animation index="42" attribute="rotation.z" enabled="1" allow_runtime_adjustment="0">
											<keyframes>
												<keyframe time="0" p0="0.000000" p1="0.000000" p2="-0.017453" />
												<keyframe time="100" p0="-0.017453" p1="-0.017453" p2="1.570796" />
												<keyframe time="500" p0="1.570796" p1="-0.017453" p2="-0.017453" />
											</keyframes>
										</animation>
										<animation index="43" attribute="opacity" enabled="1" allow_runtime_adjustment="0">
											<keyframes>
												<keyframe time="50" p0="100.000000" p1="100.000000" p2="0.000000" />
												<keyframe time="100" p0="0.000000" p1="0.000000" p2="66.666672" />
												<keyframe time="150" p0="100.000000" p1="100.000000" p2="100.000000" />
												<keyframe time="200" p0="100.000000" p1="100.000000" p2="0.000000" />
												<keyframe time="250" p0="0.000000" p1="0.000000" p2="100.000000" />
												<keyframe time="300" p0="100.000000" p1="100.000000" p2="0.000000" />
												<keyframe time="316" p0="0.000000" p1="-1.000000" p2="-1.000000" />
											</keyframes>
										</animation>
									</animations>
									<elements>
										<element index="13" id="AK23" name="material" type="material" large="0">
											<attributes>
												<attribute name="endtime" type="int" value="1000" />
											</attributes>
											<elements>
												<element index="14" id="AK24" name="pp_shotgun" type="texture" large="0">
													<attributes>
														<attribute name="endtime" type="int" value="1000" />
													</attributes>
												</element>
											</elements>
										</element>
									</elements>
								</element>
							</elements>
						</element>
						<element index="15" id="AK25" name="overheat" type="dummy" large="1">
							<slides>
								<slide name="Master Slide" flags="9" starttime="0" endtime="4000">
									<affected_elements>
										<element_settings index="15" name="overheat" activate="0" />
										<element_settings index="16" name="pp_heat" activate="0">
											<attributes>
												<attribute name="opacity" type="float" value="100.000000" />
											</attributes>
											<animations>
												<animation index="44" activate="0" />
											</animations>
										</element_settings>
										<element_settings index="17" name="Material2698" activate="0" />
										<element_settings index="18" name="pp_heat" activate="0" />
									</affected_elements>
								</slide>
								<slide name="inactive" flags="9" starttime="0" endtime="4000">
									<affected_elements>
										<element_settings index="15" name="overheat" activate="1" />
										<element_settings index="16" name="pp_heat" activate="0">
											<attributes>
												<attribute name="endtime" type="int" value="4000" />
												<attribute name="opacity" type="float" value="100.000000" />
											</attributes>
										</element_settings>
										<element_settings index="17" name="Material2698" activate="0">
											<attributes>
												<attribute name="endtime" type="int" value="4000" />
											</attributes>
										</element_settings>
										<element_settings index="18" name="pp_heat" activate="0">
											<attributes>
												<attribute name="endtime" type="int" value="4000" />
											</attributes>
										</element_settings>
									</affected_elements>
								</slide>
								<slide name="cooling" flags="0" starttime="0" endtime="1000">
									<affected_elements>
										<element_settings index="15" name="overheat" activate="1" />
										<element_settings index="16" name="pp_heat" activate="1">
											<attributes>
												<attribute name="endtime" type="int" value="1000" />
												<attribute name="opacity" type="float" value="100.000000" />
											</attributes>
										</element_settings>
										<element_settings index="17" name="Material2698" activate="1">
											<attributes>
												<attribute name="endtime" type="int" value="1000" />
											</attributes>
										</element_settings>
										<element_settings index="18" name="pp_heat" activate="1">
											<attributes>
												<attribute name="endtime" type="int" value="1000" />
											</attributes>
										</element_settings>
									</affected_elements>
								</slide>
								<slide name="overheat" flags="9" starttime="0" endtime="800">
									<affected_elements>
										<element_settings index="15" name="overheat" activate="1" />
										<element_settings index="16" name="pp_heat" activate="1">
											<attributes>
												<attribute name="endtime" type="int" value="800" />
												<attribute name="opacity" type="float" value="100.000000" />
											</attributes>
											<animations>
												<animation index="44" activate="1" />
											</animations>
										</element_settings>
										<element_settings index="17" name="Material2698" activate="1">
											<attributes>
												<attribute name="endtime" type="int" value="800" />
											</attributes>
										</element_settings>
										<element_settings index="18" name="pp_heat" activate="1">
											<attributes>
												<attribute name="endtime" type="int" value="800" />
											</attributes>
										</element_settings>
									</affected_elements>
								</slide>
							</slides>
							<elements>
								<element index="16" id="AK26" name="pp_heat" type="geometry" large="0">
									<attributes>
										<attribute name="endtime" type="int" value="4000" />
										<attribute name="opacity" type="float" value="100.000000" />
									</attributes>
									<animations>
										<animation index="44" attribute="opacity" enabled="1" allow_runtime_adjustment="0">
											<keyframes>
												<keyframe time="100" p0="100.000000" p1="100.000000" p2="33.333328" />
												<keyframe time="110" p0="0.000000" p1="0.000000" p2="0.000000" />
												<keyframe time="190" p0="0.000000" p1="0.000000" p2="66.666672" />
												<keyframe time="200" p0="100.000000" p1="100.000000" p2="100.000000" />
												<keyframe time="290" p0="100.000000" p1="100.000000" p2="33.333328" />
												<keyframe time="300" p0="0.000000" p1="0.000000" p2="0.000000" />
												<keyframe time="390" p0="0.000000" p1="0.000000" p2="66.666672" />
												<keyframe time="400" p0="100.000000" p1="100.000000" p2="100.000000" />
												<keyframe time="490" p0="100.000000" p1="100.000000" p2="33.333328" />
												<keyframe time="500" p0="0.000000" p1="0.000000" p2="0.000000" />
												<keyframe time="590" p0="0.000000" p1="0.000000" p2="66.666672" />
												<keyframe time="600" p0="100.000000" p1="100.000000" p2="100.000000" />
												<keyframe time="690" p0="100.000000" p1="100.000000" p2="33.333328" />
												<keyframe time="700" p0="0.000000" p1="0.000000" p2="0.000000" />
												<keyframe time="790" p0="0.000000" p1="0.000000" p2="100.000000" />
												<keyframe time="800" p0="100.000000" p1="-1.000000" p2="-1.000000" />
											</keyframes>
										</animation>
									</animations>
									<elements>
										<element index="17" id="AK31" name="Material2698" type="material" large="0">
											<attributes>
												<attribute name="endtime" type="int" value="4000" />
											</attributes>
											<elements>
												<element index="18" id="AK32" name="pp_heat" type="texture" large="0">
													<attributes>
														<attribute name="endtime" type="int" value="4000" />
													</attributes>
												</element>
											</elements>
										</element>
									</elements>
								</element>
							</elements>
						</element>
						<element index="19" id="AK33" name="weaponname" type="text" large="0">
							<attributes>
								<attribute name="backcolor.r" type="float" value="0.000000" />
								<attribute name="backcolor.g" type="float" value="0.000000" />
								<attribute name="backcolor.b" type="float" value="0.000000" />
								<attribute name="backcolor.a" type="float" value="255.000000" />
								<attribute name="boxheight" type="float" value="0.250000" />
								<attribute name="boxwidth" type="float" value="0.250000" />
								<attribute name="endtime" type="int" value="4000" />
								<attribute name="font" type="string" value="zekton bold" />
								<attribute name="horzalign" type="int" value="0" />
								<attribute name="horzscroll" type="float" value="0.000000" />
								<attribute name="leading" type="float" value="0.000000" />
								<attribute name="opacity" type="float" value="100.000000" />
								<attribute name="orientation" type="int" value="0" />
								<attribute name="pivot.x" type="float" value="0.000000" />
								<attribute name="pivot.y" type="float" value="0.000000" />
								<attribute name="pivot.z" type="float" value="0.000000" />
								<attribute name="position.x" type="float" value="-268.325012" />
								<attribute name="position.y" type="float" value="117.283997" />
								<attribute name="position.z" type="float" value="0.000000" />
								<attribute name="0x03972110" type="float" value="0.000000" />
								<attribute name="0x0398214F" type="float" value="0.000000" />
								<attribute name="0x0399218E" type="float" value="0.000000" />
								<attribute name="0x042455BC" type="int" value="5" />
								<attribute name="renderstyle" type="int" value="2" />
								<attribute name="rotation.x" type="float" value="0.000000" />
								<attribute name="rotation.y" type="float" value="0.000000" />
								<attribute name="rotation.z" type="float" value="0.000000" />
								<attribute name="rotationorder" type="int" value="4" />
								<attribute name="0x051A161B" type="float" value="0.000000" />
								<attribute name="0x051B165A" type="float" value="0.000000" />
								<attribute name="0x051C1699" type="float" value="0.000000" />
								<attribute name="scale.x" type="float" value="1.000000" />
								<attribute name="scale.y" type="float" value="1.000000" />
								<attribute name="scale.z" type="float" value="1.000000" />
								<attribute name="size" type="float" value="36.000000" />
								<attribute name="textcolor.r" type="float" value="255.000000" />
								<attribute name="textcolor.g" type="float" value="255.000000" />
								<attribute name="textcolor.b" type="float" value="255.000000" />
								<attribute name="textcolor.a" type="float" value="255.000000" />
								<attribute name="textstring" type="string" value="no weapon" />
								<attribute name="texttype" type="int" value="0" />
								<attribute name="0x0793DEB3" type="bool" value="0" />
								<attribute name="timeoffset" type="int" value="0" />
								<attribute name="tracking" type="float" value="0.000000" />
								<attribute name="usebackcolor" type="bool" value="0" />
								<attribute name="vertalign" type="int" value="1" />
								<attribute name="vertscroll" type="float" value="0.000000" />
								<attribute name="wordwrap" type="bool" value="1" />
							</attributes>
						</element>
						<element index="20" id="AK34" name="ammo" type="text" large="0">
							<attributes>
								<attribute name="backcolor.r" type="float" value="0.000000" />
								<attribute name="backcolor.g" type="float" value="0.000000" />
								<attribute name="backcolor.b" type="float" value="0.000000" />
								<attribute name="backcolor.a" type="float" value="255.000000" />
								<attribute name="boxheight" type="float" value="0.250000" />
								<attribute name="boxwidth" type="float" value="0.250000" />
								<attribute name="endtime" type="int" value="4000" />
								<attribute name="font" type="string" value="zekton bold" />
								<attribute name="horzalign" type="int" value="0" />
								<attribute name="horzscroll" type="float" value="0.000000" />
								<attribute name="leading" type="float" value="0.000000" />
								<attribute name="opacity" type="float" value="100.000000" />
								<attribute name="orientation" type="int" value="0" />
								<attribute name="pivot.x" type="float" value="0.000000" />
								<attribute name="pivot.y" type="float" value="0.000000" />
								<attribute name="pivot.z" type="float" value="0.000000" />
								<attribute name="position.x" type="float" value="-264.000000" />
								<attribute name="position.y" type="float" value="-67.000000" />
								<attribute name="position.z" type="float" value="0.000000" />
								<attribute name="0x03972110" type="float" value="0.000000" />
								<attribute name="0x0398214F" type="float" value="0.000000" />
								<attribute name="0x0399218E" type="float" value="0.000000" />
								<attribute name="0x042455BC" type="int" value="6" />
								<attribute name="renderstyle" type="int" value="2" />
								<attribute name="rotation.x" type="float" value="0.000000" />
								<attribute name="rotation.y" type="float" value="0.000000" />
								<attribute name="rotation.z" type="float" value="0.000000" />
								<attribute name="rotationorder" type="int" value="4" />
								<attribute name="0x051A161B" type="float" value="0.000000" />
								<attribute name="0x051B165A" type="float" value="0.000000" />
								<attribute name="0x051C1699" type="float" value="0.000000" />
								<attribute name="scale.x" type="float" value="1.000000" />
								<attribute name="scale.y" type="float" value="1.000000" />
								<attribute name="scale.z" type="float" value="1.000000" />
								<attribute name="size" type="float" value="48.000000" />
								<attribute name="textcolor.r" type="float" value="255.000000" />
								<attribute name="textcolor.g" type="float" value="255.000000" />
								<attribute name="textcolor.b" type="float" value="255.000000" />
								<attribute name="textcolor.a" type="float" value="255.000000" />
								<attribute name="textstring" type="string" value="" />
								<attribute name="texttype" type="int" value="0" />
								<attribute name="0x0793DEB3" type="bool" value="0" />
								<attribute name="timeoffset" type="int" value="0" />
								<attribute name="tracking" type="float" value="0.000000" />
								<attribute name="usebackcolor" type="bool" value="0" />
								<attribute name="vertalign" type="int" value="1" />
								<attribute name="vertscroll" type="float" value="0.000000" />
								<attribute name="wordwrap" type="bool" value="1" />
							</attributes>
						</element>
						<element index="21" id="AK35" name="damage" type="dummy" large="1">
							<slides>
								<slide name="Master Slide" flags="9" starttime="0" endtime="4000">
									<affected_elements>
										<element_settings index="21" name="damage" activate="0" />
										<element_settings index="22" name="color" activate="0" />
										<element_settings index="23" name="Material549" activate="0" />
										<element_settings index="24" name="pp_damage_icon" activate="0" />
										<element_settings index="25" name="Material264" activate="0" />
										<element_settings index="26" name="pp_damage_icon" activate="0" />
										<element_settings index="27" name="pp_broken_icon" activate="0" />
										<element_settings index="28" name="Material271" activate="0" />
										<element_settings index="29" name="pp_broken_icon" activate="0" />
									</affected_elements>
								</slide>
								<slide name="inactive" flags="9" starttime="0" endtime="10000">
									<affected_elements>
										<element_settings index="21" name="damage" activate="1" />
										<element_settings index="22" name="color" activate="0">
											<attributes>
												<attribute name="endtime" type="int" value="10000" />
											</attributes>
										</element_settings>
										<element_settings index="23" name="Material549" activate="0">
											<attributes>
												<attribute name="diffuse.r" type="float" value="255.000000" />
												<attribute name="diffuse.g" type="float" value="102.000000" />
												<attribute name="diffuse.b" type="float" value="0.000000" />
												<attribute name="diffuse.a" type="float" value="255.000000" />
												<attribute name="endtime" type="int" value="10000" />
											</attributes>
										</element_settings>
										<element_settings index="24" name="pp_damage_icon" activate="0">
											<attributes>
												<attribute name="endtime" type="int" value="10000" />
											</attributes>
										</element_settings>
										<element_settings index="25" name="Material264" activate="0">
											<attributes>
												<attribute name="endtime" type="int" value="10000" />
											</attributes>
										</element_settings>
										<element_settings index="26" name="pp_damage_icon" activate="0">
											<attributes>
												<attribute name="endtime" type="int" value="10000" />
											</attributes>
										</element_settings>
										<element_settings index="27" name="pp_broken_icon" activate="0">
											<attributes>
												<attribute name="endtime" type="int" value="10000" />
											</attributes>
										</element_settings>
										<element_settings index="28" name="Material271" activate="0">
											<attributes>
												<attribute name="endtime" type="int" value="10000" />
											</attributes>
										</element_settings>
										<element_settings index="29" name="pp_broken_icon" activate="0">
											<attributes>
												<attribute name="endtime" type="int" value="10000" />
											</attributes>
										</element_settings>
									</affected_elements>
								</slide>
								<slide name="damaged" flags="0" starttime="0" endtime="1000">
									<affected_elements>
										<element_settings index="21" name="damage" activate="1" />
										<element_settings index="22" name="color" activate="1">
											<attributes>
												<attribute name="endtime" type="int" value="1000" />
											</attributes>
										</element_settings>
										<element_settings index="23" name="Material549" activate="1">
											<attributes>
												<attribute name="diffuse.r" type="float" value="255.000000" />
												<attribute name="diffuse.g" type="float" value="140.000000" />
												<attribute name="diffuse.b" type="float" value="26.000000" />
												<attribute name="diffuse.a" type="float" value="255.000000" />
												<attribute name="endtime" type="int" value="1000" />
											</attributes>
										</element_settings>
										<element_settings index="24" name="pp_damage_icon" activate="1">
											<attributes>
												<attribute name="endtime" type="int" value="1000" />
											</attributes>
										</element_settings>
										<element_settings index="25" name="Material264" activate="1">
											<attributes>
												<attribute name="endtime" type="int" value="1000" />
											</attributes>
										</element_settings>
										<element_settings index="26" name="pp_damage_icon" activate="1">
											<attributes>
												<attribute name="endtime" type="int" value="1000" />
											</attributes>
										</element_settings>
										<element_settings index="27" name="pp_broken_icon" activate="0">
											<attributes>
												<attribute name="endtime" type="int" value="1000" />
											</attributes>
										</element_settings>
										<element_settings index="28" name="Material271" activate="0">
											<attributes>
												<attribute name="endtime" type="int" value="1000" />
											</attributes>
										</element_settings>
										<element_settings index="29" name="pp_broken_icon" activate="0">
											<attributes>
												<attribute name="endtime" type="int" value="1000" />
											</attributes>
										</element_settings>
									</affected_elements>
								</slide>
								<slide name="broken" flags="0" starttime="0" endtime="1000">
									<affected_elements>
										<element_settings index="21" name="damage" activate="1" />
										<element_settings index="22" name="color" activate="1">
											<attributes>
												<attribute name="endtime" type="int" value="1000" />
											</attributes>
										</element_settings>
										<element_settings index="23" name="Material549" activate="1">
											<attributes>
												<attribute name="diffuse.r" type="float" value="255.000000" />
												<attribute name="diffuse.g" type="float" value="9.000000" />
												<attribute name="diffuse.b" type="float" value="9.000000" />
												<attribute name="diffuse.a" type="float" value="255.000000" />
												<attribute name="endtime" type="int" value="1000" />
											</attributes>
										</element_settings>
										<element_settings index="24" name="pp_damage_icon" activate="0">
											<attributes>
												<attribute name="endtime" type="int" value="1000" />
											</attributes>
										</element_settings>
										<element_settings index="25" name="Material264" activate="0">
											<attributes>
												<attribute name="endtime" type="int" value="1000" />
											</attributes>
										</element_settings>
										<element_settings index="26" name="pp_damage_icon" activate="0">
											<attributes>
												<attribute name="endtime" type="int" value="1000" />
											</attributes>
										</element_settings>
										<element_settings index="27" name="pp_broken_icon" activate="1">
											<attributes>
												<attribute name="endtime" type="int" value="1000" />
											</attributes>
										</element_settings>
										<element_settings index="28" name="Material271" activate="1">
											<attributes>
												<attribute name="endtime" type="int" value="1000" />
											</attributes>
										</element_settings>
										<element_settings index="29" name="pp_broken_icon" activate="1">
											<attributes>
												<attribute name="endtime" type="int" value="1000" />
											</attributes>
										</element_settings>
									</affected_elements>
								</slide>
							</slides>
							<elements>
								<element index="22" id="AK36" name="color" type="geometry" large="0">
									<attributes>
										<attribute name="endtime" type="int" value="4000" />
									</attributes>
									<elements>
										<element index="23" id="AK41" name="Material549" type="material" large="0">
											<attributes>
												<attribute name="diffuse.r" type="float" value="255.000000" />
												<attribute name="diffuse.g" type="float" value="102.000000" />
												<attribute name="diffuse.b" type="float" value="0.000000" />
												<attribute name="diffuse.a" type="float" value="255.000000" />
												<attribute name="endtime" type="int" value="4000" />
											</attributes>
										</element>
									</elements>
								</element>
								<element index="24" id="AK42" name="pp_damage_icon" type="geometry" large="0">
									<attributes>
										<attribute name="endtime" type="int" value="4000" />
									</attributes>
									<elements>
										<element index="25" id="AK47" name="Material264" type="material" large="0">
											<attributes>
												<attribute name="endtime" type="int" value="4000" />
											</attributes>
											<elements>
												<element index="26" id="AK48" name="pp_damage_icon" type="texture" large="0">
													<attributes>
														<attribute name="endtime" type="int" value="4000" />
													</attributes>
												</element>
											</elements>
										</element>
									</elements>
								</element>
								<element index="27" id="AK49" name="pp_broken_icon" type="geometry" large="0">
									<attributes>
										<attribute name="endtime" type="int" value="4000" />
									</attributes>
									<elements>
										<element index="28" id="AK54" name="Material271" type="material" large="0">
											<attributes>
												<attribute name="endtime" type="int" value="4000" />
											</attributes>
											<elements>
												<element index="29" id="AK55" name="pp_broken_icon" type="texture" large="0">
													<attributes>
														<attribute name="endtime" type="int" value="4000" />
													</attributes>
												</element>
											</elements>
										</element>
									</elements>
								</element>
							</elements>
						</element>
						<element index="30" id="AK56" name="bar" type="dummy" large="1">
							<slides>
								<slide name="Master Slide" flags="9" starttime="0" endtime="1000">
									<affected_elements>
										<element_settings index="30" name="bar" activate="0" />
										<element_settings index="31" name="bar_foreground" activate="0">
											<attributes>
												<attribute name="scale.x" type="float" value="4.600000" />
												<attribute name="scale.y" type="float" value="0.090000" />
												<attribute name="scale.z" type="float" value="1.000000" />
											</attributes>
											<animations>
												<animation index="45" activate="0" />
												<animation index="46" activate="0" />
												<animation index="47" activate="0" />
											</animations>
										</element_settings>
										<element_settings index="32" name="Material166" activate="0" />
										<element_settings index="33" name="bar_background" activate="0" />
										<element_settings index="34" name="Material812" activate="0" />
									</affected_elements>
								</slide>
								<slide name="idle" flags="13" starttime="0" endtime="1000">
									<affected_elements>
										<element_settings index="30" name="bar" activate="1" />
										<element_settings index="31" name="bar_foreground" activate="1">
											<attributes>
												<attribute name="scale.x" type="float" value="0.000000" />
												<attribute name="scale.y" type="float" value="0.090000" />
												<attribute name="scale.z" type="float" value="1.000000" />
											</attributes>
											<animations>
												<animation index="45" activate="1" />
												<animation index="46" activate="1" />
												<animation index="47" activate="1" />
											</animations>
										</element_settings>
										<element_settings index="32" name="Material166" activate="1" />
										<element_settings index="33" name="bar_background" activate="1" />
										<element_settings index="34" name="Material812" activate="1" />
									</affected_elements>
								</slide>
							</slides>
							<elements>
								<element index="31" id="AK57" name="bar_foreground" type="geometry" large="0">
									<attributes>
										<attribute name="endtime" type="int" value="1000" />
										<attribute name="pivot.x" type="float" value="-50.000000" />
										<attribute name="pivot.y" type="float" value="0.000000" />
										<attribute name="pivot.z" type="float" value="0.000000" />
										<attribute name="position.x" type="float" value="-181.000000" />
										<attribute name="position.y" type="float" value="-3.600000" />
										<attribute name="position.z" type="float" value="-0.001000" />
										<attribute name="scale.x" type="float" value="4.600000" />
										<attribute name="scale.y" type="float" value="0.090000" />
										<attribute name="scale.z" type="float" value="1.000000" />
										<attribute name="timeoffset" type="int" value="0" />
									</attributes>
									<animations>
										<animation index="45" attribute="scale.x" enabled="1" allow_runtime_adjustment="0">
											<keyframes>
												<keyframe time="0" p0="0.000000" p1="1.533333" p2="3.066667" />
												<keyframe time="1000" p0="4.600000" p1="-1.000000" p2="-1.000000" />
											</keyframes>
										</animation>
										<animation index="46" attribute="scale.y" enabled="1" allow_runtime_adjustment="0">
											<keyframes>
												<keyframe time="0" p0="0.090000" p1="0.090000" p2="0.090000" />
												<keyframe time="1000" p0="0.090000" p1="-1.000000" p2="-1.000000" />
											</keyframes>
										</animation>
										<animation index="47" attribute="scale.z" enabled="1" allow_runtime_adjustment="0">
											<keyframes>
												<keyframe time="0" p0="1.000000" p1="1.000000" p2="1.000000" />
												<keyframe time="1000" p0="1.000000" p1="-1.000000" p2="-1.000000" />
											</keyframes>
										</animation>
									</animations>
									<elements>
										<element index="32" id="AK62" name="Material166" type="material" large="0" />
									</elements>
								</element>
								<element index="33" id="AK63" name="bar_background" type="geometry" large="0">
									<attributes>
										<attribute name="endtime" type="int" value="1000" />
										<attribute name="timeoffset" type="int" value="0" />
									</attributes>
									<elements>
										<element index="34" id="AK68" name="Material812" type="material" large="0" />
									</elements>
								</element>
							</elements>
						</element>
						<element index="35" id="AK69" name="pp_gradient" type="geometry" large="0">
							<attributes>
								<attribute name="position.x" type="float" value="3.000000" />
								<attribute name="position.y" type="float" value="181.000000" />
								<attribute name="position.z" type="float" value="-9.000000" />
							</attributes>
							<animations>
								<animation index="48" attribute="position.x" enabled="1" allow_runtime_adjustment="0">
									<keyframes>
										<keyframe time="0" p0="3.000000" p1="3.000000" p2="3.000000" />
										<keyframe time="4000" p0="3.000000" p1="-1.000000" p2="-1.000000" />
									</keyframes>
								</animation>
								<animation index="49" attribute="position.y" enabled="1" allow_runtime_adjustment="0">
									<keyframes>
										<keyframe time="0" p0="181.000000" p1="57.333328" p2="-66.333344" />
										<keyframe time="4000" p0="-190.000000" p1="-1.000000" p2="-1.000000" />
									</keyframes>
								</animation>
								<animation index="50" attribute="position.z" enabled="1" allow_runtime_adjustment="0">
									<keyframes>
										<keyframe time="0" p0="-9.000000" p1="-9.000000" p2="-9.000000" />
										<keyframe time="4000" p0="-9.000000" p1="-1.000000" p2="-1.000000" />
									</keyframes>
								</animation>
								<animation index="51" attribute="position.x" enabled="1" allow_runtime_adjustment="0">
									<keyframes>
										<keyframe time="0" p0="3.000000" p1="3.000000" p2="3.000000" />
										<keyframe time="4000" p0="3.000000" p1="-1.000000" p2="-1.000000" />
									</keyframes>
								</animation>
								<animation index="52" attribute="position.y" enabled="1" allow_runtime_adjustment="0">
									<keyframes>
										<keyframe time="0" p0="181.000000" p1="57.333328" p2="-66.333344" />
										<keyframe time="4000" p0="-190.000000" p1="-1.000000" p2="-1.000000" />
									</keyframes>
								</animation>
								<animation index="53" attribute="position.z" enabled="1" allow_runtime_adjustment="0">
									<keyframes>
										<keyframe time="0" p0="-9.000000" p1="-9.000000" p2="-9.000000" />
										<keyframe time="4000" p0="-9.000000" p1="-1.000000" p2="-1.000000" />
									</keyframes>
								</animation>
							</animations>
							<elements>
								<element index="36" id="AK74" name="Material301" type="material" large="0">
									<elements>
										<element index="37" id="AK75" name="pp_gradient" type="texture" large="0" />
									</elements>
								</element>
							</elements>
						</element>
					</elements>
				</element>
			</elements>
		</element>
	</elements>
</presentation>
