<?xml version="1.0"?>
<presentation>
	<elements>
		<element index="0" id="AK1" name="Scene" type="dummy" large="1">
			<slides>
				<slide name="Master Slide" flags="0" starttime="0" endtime="10000">
					<affected_elements>
						<element_settings index="0" name="Scene" activate="0" />
						<element_settings index="1" activate="0" />
						<element_settings index="2" activate="0" />
						<element_settings index="3" name="Layer" activate="0" />
						<element_settings index="4" name="Camera" activate="0" />
						<element_settings index="5" name="ship" activate="0" />
						<element_settings index="13" name="overlay" activate="0" />
						<element_settings index="17" name="bar" activate="0" />
						<element_settings index="24" name="shipstatus_background" activate="0" />
						<element_settings index="25" name="Material64" activate="0" />
						<element_settings index="26" name="shipstatus_background" activate="0" />
						<element_settings index="27" name="pp_gradient" activate="0">
							<attributes>
								<attribute name="position.x" type="float" value="0.000000" />
								<attribute name="position.y" type="float" value="114.000000" />
								<attribute name="position.z" type="float" value="0.000000" />
							</attributes>
							<animations>
								<animation index="7" activate="0" />
								<animation index="8" activate="0" />
								<animation index="9" activate="0" />
							</animations>
						</element_settings>
						<element_settings index="28" name="Material114" activate="0" />
						<element_settings index="29" name="pp_gradient" activate="0" />
						<element_settings index="30" name="shield1" activate="0" />
						<element_settings index="35" name="shield2" activate="0" />
					</affected_elements>
				</slide>
				<slide name="Slide1" flags="0" starttime="0" endtime="4000">
					<affected_elements>
						<element_settings index="0" name="Scene" activate="1" />
						<element_settings index="1" activate="1">
							<attributes>
								<attribute name="endtime" type="int" value="4000" />
							</attributes>
						</element_settings>
						<element_settings index="2" activate="1">
							<attributes>
								<attribute name="endtime" type="int" value="4000" />
							</attributes>
						</element_settings>
						<element_settings index="3" name="Layer" activate="1">
							<attributes>
								<attribute name="endtime" type="int" value="4000" />
							</attributes>
						</element_settings>
						<element_settings index="4" name="Camera" activate="1">
							<attributes>
								<attribute name="endtime" type="int" value="4000" />
							</attributes>
						</element_settings>
						<element_settings index="5" name="ship" activate="1">
							<attributes>
								<attribute name="endtime" type="int" value="4000" />
							</attributes>
						</element_settings>
						<element_settings index="13" name="overlay" activate="1">
							<attributes>
								<attribute name="endtime" type="int" value="4000" />
							</attributes>
						</element_settings>
						<element_settings index="17" name="bar" activate="1">
							<attributes>
								<attribute name="endtime" type="int" value="4000" />
							</attributes>
						</element_settings>
						<element_settings index="24" name="shipstatus_background" activate="1">
							<attributes>
								<attribute name="endtime" type="int" value="4000" />
							</attributes>
						</element_settings>
						<element_settings index="25" name="Material64" activate="1">
							<attributes>
								<attribute name="endtime" type="int" value="4000" />
							</attributes>
						</element_settings>
						<element_settings index="26" name="shipstatus_background" activate="1">
							<attributes>
								<attribute name="endtime" type="int" value="4000" />
							</attributes>
						</element_settings>
						<element_settings index="27" name="pp_gradient" activate="1">
							<attributes>
								<attribute name="endtime" type="int" value="4000" />
								<attribute name="position.x" type="float" value="0.000000" />
								<attribute name="position.y" type="float" value="114.000000" />
								<attribute name="position.z" type="float" value="-1.000000" />
							</attributes>
							<animations>
								<animation index="7" activate="1" />
								<animation index="8" activate="1" />
								<animation index="9" activate="1" />
							</animations>
						</element_settings>
						<element_settings index="28" name="Material114" activate="1">
							<attributes>
								<attribute name="endtime" type="int" value="4000" />
							</attributes>
						</element_settings>
						<element_settings index="29" name="pp_gradient" activate="1">
							<attributes>
								<attribute name="endtime" type="int" value="4000" />
							</attributes>
						</element_settings>
						<element_settings index="30" name="shield1" activate="1">
							<attributes>
								<attribute name="endtime" type="int" value="4000" />
							</attributes>
						</element_settings>
						<element_settings index="35" name="shield2" activate="1">
							<attributes>
								<attribute name="endtime" type="int" value="4000" />
							</attributes>
						</element_settings>
					</affected_elements>
				</slide>
			</slides>
			<elements>
				<element index="1" type="contract" large="0">
					<attributes>
						<attribute name="endtime" type="int" value="10000" />
						<attribute name="timeoffset" type="int" value="0" />
						<attribute name="AKCustomObjType" type="string" value="contract" />
						<attribute name="0x073F25FB" type="bool" value="1" />
						<attribute name="0x04A9EC63" type="string" value="UIContract" />
					</attributes>
					<events>
						<event name="onUp" />
						<event name="onDown" />
						<event name="onLeft" />
						<event name="onRight" />
						<event name="onSelect" />
						<event name="onBack" />
						<event name="onKeyDown" />
					</events>
				</element>
				<element index="2" type="contract" large="0">
					<attributes>
						<attribute name="endtime" type="int" value="10000" />
						<attribute name="timeoffset" type="int" value="0" />
						<attribute name="BehaviorScripts" type="string" value="Cockpit Shipstatus.lua" />
					</attributes>
				</element>
				<element index="3" id="AK2" name="Layer" type="geometry" large="0">
					<attributes>
						<attribute name="endtime" type="int" value="10000" />
						<attribute name="timeoffset" type="int" value="0" />
						<attribute name="transparent" type="bool" value="0" />
						<attribute name="renderpriority" type="int" value="0" />
						<attribute name="rendertarget" type="string" value="assets\fx\rendertargets\cockpit_shipstatus-rendertarget" />
						<attribute name="renderbehindcockpit" type="bool" value="0" />
						<attribute name="mousepicking" type="bool" value="0" />
						<attribute name="rendergroupidentifier" type="int" value="1" />
					</attributes>
					<elements>
						<element index="4" id="AK4" name="Camera" type="camera" large="0">
							<attributes>
								<attribute name="clipfar" type="float" value="1000.000000" />
								<attribute name="clipnear" type="float" value="1.000000" />
								<attribute name="endtime" type="int" value="10000" />
								<attribute name="fogcolor.r" type="float" value="0.000000" />
								<attribute name="fogcolor.g" type="float" value="0.000000" />
								<attribute name="fogcolor.b" type="float" value="0.000000" />
								<attribute name="fogcolor.a" type="float" value="0.000000" />
								<attribute name="fogenable" type="bool" value="0" />
								<attribute name="fogfar" type="float" value="5000.000000" />
								<attribute name="0x034179DF" type="int" value="0" />
								<attribute name="fognear" type="float" value="0.000000" />
								<attribute name="0x05E4F468" type="int" value="2" />
								<attribute name="fov" type="float" value="90.000000" />
								<attribute name="0x055BB8E3" type="bool" value="0" />
								<attribute name="0x07C50A18" type="float" value="0.000000" />
								<attribute name="0x07C60A57" type="float" value="0.000000" />
								<attribute name="0x07C70A96" type="float" value="0.000000" />
								<attribute name="orientation" type="int" value="0" />
								<attribute name="orthographic" type="bool" value="0" />
								<attribute name="pivot.x" type="float" value="0.000000" />
								<attribute name="pivot.y" type="float" value="0.000000" />
								<attribute name="pivot.z" type="float" value="0.000000" />
								<attribute name="position.x" type="float" value="0.000000" />
								<attribute name="position.y" type="float" value="0.000000" />
								<attribute name="position.z" type="float" value="-64.000000" />
								<attribute name="0x03972110" type="float" value="0.000000" />
								<attribute name="0x0398214F" type="float" value="0.000000" />
								<attribute name="0x0399218E" type="float" value="0.000000" />
								<attribute name="0x042455BC" type="int" value="1" />
								<attribute name="rotation.x" type="float" value="0.000000" />
								<attribute name="rotation.y" type="float" value="0.000000" />
								<attribute name="rotation.z" type="float" value="0.000000" />
								<attribute name="rotationorder" type="int" value="4" />
								<attribute name="0x051A161B" type="float" value="0.000000" />
								<attribute name="0x051B165A" type="float" value="0.000000" />
								<attribute name="0x051C1699" type="float" value="0.000000" />
								<attribute name="scale.x" type="float" value="1.000000" />
								<attribute name="scale.y" type="float" value="1.000000" />
								<attribute name="scale.z" type="float" value="1.000000" />
								<attribute name="0x0793DEB3" type="bool" value="0" />
								<attribute name="timeoffset" type="int" value="0" />
							</attributes>
						</element>
						<element index="5" id="AK5" name="ship" type="dummy" large="1">
							<attributes>
								<attribute name="endtime" type="int" value="10000" />
							</attributes>
							<slides>
								<slide name="Master Slide" flags="9" starttime="0" endtime="10000">
									<affected_elements>
										<element_settings index="5" name="ship" activate="0" />
										<element_settings index="6" name="shield" activate="0" />
										<element_settings index="10" name="shipstatus_ship" activate="0">
											<attributes>
												<attribute name="opacity" type="float" value="70.000000" />
											</attributes>
											<animations>
												<animation index="0" activate="0" />
											</animations>
										</element_settings>
										<element_settings index="11" name="Material2049" activate="0" />
										<element_settings index="12" name="shipstatus_ship" activate="0" />
									</affected_elements>
								</slide>
								<slide name="normal" flags="9" starttime="0" endtime="1000">
									<affected_elements>
										<element_settings index="5" name="ship" activate="1" />
										<element_settings index="6" name="shield" activate="1">
											<attributes>
												<attribute name="endtime" type="int" value="1000" />
											</attributes>
										</element_settings>
										<element_settings index="10" name="shipstatus_ship" activate="1">
											<attributes>
												<attribute name="endtime" type="int" value="1000" />
												<attribute name="opacity" type="float" value="70.000000" />
											</attributes>
										</element_settings>
										<element_settings index="11" name="Material2049" activate="1">
											<attributes>
												<attribute name="endtime" type="int" value="1000" />
											</attributes>
										</element_settings>
										<element_settings index="12" name="shipstatus_ship" activate="1">
											<attributes>
												<attribute name="endtime" type="int" value="1000" />
											</attributes>
										</element_settings>
									</affected_elements>
								</slide>
								<slide name="animated" flags="0" starttime="0" endtime="500">
									<affected_elements>
										<element_settings index="5" name="ship" activate="1" />
										<element_settings index="6" name="shield" activate="1">
											<attributes>
												<attribute name="endtime" type="int" value="500" />
											</attributes>
										</element_settings>
										<element_settings index="10" name="shipstatus_ship" activate="1">
											<attributes>
												<attribute name="endtime" type="int" value="500" />
												<attribute name="opacity" type="float" value="82.302597" />
											</attributes>
											<animations>
												<animation index="0" activate="1" />
											</animations>
										</element_settings>
										<element_settings index="11" name="Material2049" activate="1">
											<attributes>
												<attribute name="endtime" type="int" value="500" />
											</attributes>
										</element_settings>
										<element_settings index="12" name="shipstatus_ship" activate="1">
											<attributes>
												<attribute name="endtime" type="int" value="500" />
											</attributes>
										</element_settings>
									</affected_elements>
								</slide>
							</slides>
							<elements>
								<element index="6" id="AK6" name="shield" type="dummy" large="1">
									<attributes>
										<attribute name="endtime" type="int" value="10000" />
									</attributes>
									<slides>
										<slide name="Master Slide" flags="9" starttime="0" endtime="500">
											<affected_elements>
												<element_settings index="6" name="shield" activate="0" />
												<element_settings index="7" name="shipstatus_ship" activate="0" />
												<element_settings index="8" name="Material2082" activate="0" />
												<element_settings index="9" name="shipstatus_ship_shield" activate="0" />
											</affected_elements>
										</slide>
										<slide name="Slide1" flags="9" starttime="0" endtime="10000">
											<affected_elements>
												<element_settings index="6" name="shield" activate="1" />
												<element_settings index="7" name="shipstatus_ship" activate="1">
													<attributes>
														<attribute name="endtime" type="int" value="10000" />
													</attributes>
												</element_settings>
												<element_settings index="8" name="Material2082" activate="1">
													<attributes>
														<attribute name="endtime" type="int" value="10000" />
													</attributes>
												</element_settings>
												<element_settings index="9" name="shipstatus_ship_shield" activate="1">
													<attributes>
														<attribute name="endtime" type="int" value="10000" />
													</attributes>
												</element_settings>
											</affected_elements>
										</slide>
									</slides>
									<elements>
										<element index="7" id="AK7" name="shipstatus_ship" type="geometry" large="0">
											<attributes>
												<attribute name="endtime" type="int" value="500" />
												<attribute name="opacity" type="float" value="100.000000" />
												<attribute name="timeoffset" type="int" value="0" />
											</attributes>
											<elements>
												<element index="8" id="AK12" name="Material2082" type="material" large="0">
													<attributes>
														<attribute name="endtime" type="int" value="500" />
													</attributes>
													<elements>
														<element index="9" id="AK13" name="shipstatus_ship_shield" type="texture" large="0">
															<attributes>
																<attribute name="endtime" type="int" value="500" />
															</attributes>
														</element>
													</elements>
												</element>
											</elements>
										</element>
									</elements>
								</element>
								<element index="10" id="AK14" name="shipstatus_ship" type="geometry" large="0">
									<attributes>
										<attribute name="endtime" type="int" value="10000" />
										<attribute name="opacity" type="float" value="70.000000" />
									</attributes>
									<animations>
										<animation index="0" attribute="opacity" enabled="1" allow_runtime_adjustment="0">
											<keyframes>
												<keyframe time="0" p0="100.000000" p1="100.000000" p2="0.000000" />
												<keyframe time="500" p0="0.000000" p1="-1.000000" p2="-1.000000" />
											</keyframes>
										</animation>
									</animations>
									<elements>
										<element index="11" id="AK19" name="Material2049" type="material" large="0">
											<attributes>
												<attribute name="endtime" type="int" value="10000" />
											</attributes>
											<elements>
												<element index="12" id="AK20" name="shipstatus_ship" type="texture" large="0">
													<attributes>
														<attribute name="endtime" type="int" value="10000" />
													</attributes>
												</element>
											</elements>
										</element>
									</elements>
								</element>
							</elements>
						</element>
						<element index="13" id="AK21" name="overlay" type="dummy" large="1">
							<attributes>
								<attribute name="endtime" type="int" value="10000" />
							</attributes>
							<slides>
								<slide name="Master Slide" flags="9" starttime="0" endtime="1000">
									<affected_elements>
										<element_settings index="13" name="overlay" activate="0" />
										<element_settings index="14" name="shipstatus_ship" activate="0" />
										<element_settings index="15" name="Material2049" activate="0" />
										<element_settings index="16" name="shipstatus_ship" activate="0" />
									</affected_elements>
								</slide>
								<slide name="none" flags="9" starttime="0" endtime="10000">
									<affected_elements>
										<element_settings index="13" name="overlay" activate="1" />
										<element_settings index="14" name="shipstatus_ship" activate="0">
											<attributes>
												<attribute name="endtime" type="int" value="10000" />
											</attributes>
										</element_settings>
										<element_settings index="15" name="Material2049" activate="0">
											<attributes>
												<attribute name="diffuse.r" type="float" value="255.000000" />
												<attribute name="diffuse.g" type="float" value="0.000000" />
												<attribute name="diffuse.b" type="float" value="0.000000" />
												<attribute name="diffuse.a" type="float" value="255.000000" />
												<attribute name="endtime" type="int" value="10000" />
											</attributes>
										</element_settings>
										<element_settings index="16" name="shipstatus_ship" activate="0">
											<attributes>
												<attribute name="endtime" type="int" value="10000" />
											</attributes>
										</element_settings>
									</affected_elements>
								</slide>
								<slide name="damaged" flags="9" starttime="0" endtime="10000">
									<affected_elements>
										<element_settings index="13" name="overlay" activate="1" />
										<element_settings index="14" name="shipstatus_ship" activate="1">
											<attributes>
												<attribute name="endtime" type="int" value="10000" />
											</attributes>
										</element_settings>
										<element_settings index="15" name="Material2049" activate="1">
											<attributes>
												<attribute name="diffuse.r" type="float" value="255.000000" />
												<attribute name="diffuse.g" type="float" value="168.000000" />
												<attribute name="diffuse.b" type="float" value="0.000000" />
												<attribute name="diffuse.a" type="float" value="255.000000" />
												<attribute name="endtime" type="int" value="10000" />
											</attributes>
										</element_settings>
										<element_settings index="16" name="shipstatus_ship" activate="1">
											<attributes>
												<attribute name="endtime" type="int" value="10000" />
											</attributes>
										</element_settings>
									</affected_elements>
								</slide>
								<slide name="broken" flags="9" starttime="0" endtime="10000">
									<affected_elements>
										<element_settings index="13" name="overlay" activate="1" />
										<element_settings index="14" name="shipstatus_ship" activate="1">
											<attributes>
												<attribute name="endtime" type="int" value="10000" />
											</attributes>
										</element_settings>
										<element_settings index="15" name="Material2049" activate="1">
											<attributes>
												<attribute name="diffuse.r" type="float" value="255.000000" />
												<attribute name="diffuse.g" type="float" value="0.000000" />
												<attribute name="diffuse.b" type="float" value="0.000000" />
												<attribute name="diffuse.a" type="float" value="255.000000" />
												<attribute name="endtime" type="int" value="10000" />
											</attributes>
										</element_settings>
										<element_settings index="16" name="shipstatus_ship" activate="1">
											<attributes>
												<attribute name="endtime" type="int" value="10000" />
											</attributes>
										</element_settings>
									</affected_elements>
								</slide>
							</slides>
							<elements>
								<element index="14" id="AK22" name="shipstatus_ship" type="geometry" large="0">
									<attributes>
										<attribute name="endtime" type="int" value="1000" />
										<attribute name="timeoffset" type="int" value="0" />
									</attributes>
									<elements>
										<element index="15" id="AK25" name="Material2049" type="material" large="0">
											<attributes>
												<attribute name="diffuse.r" type="float" value="255.000000" />
												<attribute name="diffuse.g" type="float" value="0.000000" />
												<attribute name="diffuse.b" type="float" value="0.000000" />
												<attribute name="diffuse.a" type="float" value="255.000000" />
												<attribute name="endtime" type="int" value="1000" />
											</attributes>
											<elements>
												<element index="16" id="AK26" name="shipstatus_ship" type="texture" large="0">
													<attributes>
														<attribute name="endtime" type="int" value="1000" />
													</attributes>
												</element>
											</elements>
										</element>
									</elements>
								</element>
							</elements>
						</element>
						<element index="17" id="AK27" name="bar" type="dummy" large="1">
							<attributes>
								<attribute name="endtime" type="int" value="10000" />
							</attributes>
							<slides>
								<slide name="Master Slide" flags="9" starttime="0" endtime="10000">
									<affected_elements>
										<element_settings index="17" name="bar" activate="0" />
										<element_settings index="18" name="hull" activate="0" />
										<element_settings index="21" name="shield" activate="0" />
									</affected_elements>
								</slide>
								<slide name="Slide1" flags="9" starttime="0" endtime="10000">
									<affected_elements>
										<element_settings index="17" name="bar" activate="1" />
										<element_settings index="18" name="hull" activate="1" />
										<element_settings index="21" name="shield" activate="1" />
									</affected_elements>
								</slide>
							</slides>
							<elements>
								<element index="18" id="AK28" name="hull" type="dummy" large="1">
									<slides>
										<slide name="Master Slide" flags="9" starttime="0" endtime="10000">
											<affected_elements>
												<element_settings index="18" name="hull" activate="0" />
												<element_settings index="19" name="Rectangle" activate="0">
													<attributes>
														<attribute name="scale.x" type="float" value="2.000000" />
														<attribute name="scale.y" type="float" value="0.030000" />
														<attribute name="scale.z" type="float" value="1.000000" />
													</attributes>
													<animations>
														<animation index="1" activate="0" />
														<animation index="2" activate="0" />
														<animation index="3" activate="0" />
													</animations>
												</element_settings>
												<element_settings index="20" name="Material73" activate="0" />
											</affected_elements>
										</slide>
										<slide name="Slide1" flags="13" starttime="0" endtime="1000">
											<affected_elements>
												<element_settings index="18" name="hull" activate="1" />
												<element_settings index="19" name="Rectangle" activate="1">
													<attributes>
														<attribute name="endtime" type="int" value="1000" />
														<attribute name="scale.x" type="float" value="0.000000" />
														<attribute name="scale.y" type="float" value="0.050000" />
														<attribute name="scale.z" type="float" value="1.000000" />
													</attributes>
													<animations>
														<animation index="1" activate="1" />
														<animation index="2" activate="1" />
														<animation index="3" activate="1" />
													</animations>
												</element_settings>
												<element_settings index="20" name="Material73" activate="1">
													<attributes>
														<attribute name="endtime" type="int" value="1000" />
													</attributes>
												</element_settings>
											</affected_elements>
										</slide>
									</slides>
									<elements>
										<element index="19" id="AK29" name="Rectangle" type="geometry" large="0">
											<attributes>
												<attribute name="endtime" type="int" value="10000" />
												<attribute name="pivot.x" type="float" value="-50.000000" />
												<attribute name="pivot.y" type="float" value="0.000000" />
												<attribute name="pivot.z" type="float" value="0.000000" />
												<attribute name="position.x" type="float" value="-97.000000" />
												<attribute name="position.y" type="float" value="2.000000" />
												<attribute name="position.z" type="float" value="0.000000" />
												<attribute name="scale.x" type="float" value="2.000000" />
												<attribute name="scale.y" type="float" value="0.030000" />
												<attribute name="scale.z" type="float" value="1.000000" />
											</attributes>
											<animations>
												<animation index="1" attribute="scale.x" enabled="1" allow_runtime_adjustment="0">
													<keyframes>
														<keyframe time="0" p0="0.000000" p1="0.000000" p2="1.970000" />
														<keyframe time="1000" p0="1.970000" p1="-1.000000" p2="-1.000000" />
													</keyframes>
												</animation>
												<animation index="2" attribute="scale.y" enabled="1" allow_runtime_adjustment="0">
													<keyframes>
														<keyframe time="0" p0="0.050000" p1="0.050000" p2="0.050000" />
														<keyframe time="1000" p0="0.050000" p1="-1.000000" p2="-1.000000" />
													</keyframes>
												</animation>
												<animation index="3" attribute="scale.z" enabled="1" allow_runtime_adjustment="0">
													<keyframes>
														<keyframe time="0" p0="1.000000" p1="1.000000" p2="1.000000" />
														<keyframe time="1000" p0="1.000000" p1="-1.000000" p2="-1.000000" />
													</keyframes>
												</animation>
											</animations>
											<elements>
												<element index="20" id="AK34" name="Material73" type="material" large="0">
													<attributes>
														<attribute name="endtime" type="int" value="10000" />
													</attributes>
												</element>
											</elements>
										</element>
									</elements>
								</element>
								<element index="21" id="AK35" name="shield" type="dummy" large="1">
									<slides>
										<slide name="Master Slide" flags="9" starttime="0" endtime="10000">
											<affected_elements>
												<element_settings index="21" name="shield" activate="0" />
												<element_settings index="22" name="Rectangle" activate="0">
													<attributes>
														<attribute name="scale.x" type="float" value="2.000000" />
														<attribute name="scale.y" type="float" value="0.030000" />
														<attribute name="scale.z" type="float" value="1.000000" />
													</attributes>
													<animations>
														<animation index="4" activate="0" />
														<animation index="5" activate="0" />
														<animation index="6" activate="0" />
													</animations>
												</element_settings>
												<element_settings index="23" name="Material73" activate="0" />
											</affected_elements>
										</slide>
										<slide name="Slide1" flags="13" starttime="0" endtime="1000">
											<affected_elements>
												<element_settings index="21" name="shield" activate="1" />
												<element_settings index="22" name="Rectangle" activate="1">
													<attributes>
														<attribute name="endtime" type="int" value="1000" />
														<attribute name="scale.x" type="float" value="0.000000" />
														<attribute name="scale.y" type="float" value="0.050000" />
														<attribute name="scale.z" type="float" value="1.000000" />
													</attributes>
													<animations>
														<animation index="4" activate="1" />
														<animation index="5" activate="1" />
														<animation index="6" activate="1" />
													</animations>
												</element_settings>
												<element_settings index="23" name="Material73" activate="1">
													<attributes>
														<attribute name="endtime" type="int" value="1000" />
													</attributes>
												</element_settings>
											</affected_elements>
										</slide>
									</slides>
									<elements>
										<element index="22" id="AK36" name="Rectangle" type="geometry" large="0">
											<attributes>
												<attribute name="endtime" type="int" value="10000" />
												<attribute name="pivot.x" type="float" value="-50.000000" />
												<attribute name="pivot.y" type="float" value="0.000000" />
												<attribute name="pivot.z" type="float" value="0.000000" />
												<attribute name="position.x" type="float" value="-75.000000" />
												<attribute name="position.y" type="float" value="-42.000000" />
												<attribute name="position.z" type="float" value="0.000000" />
												<attribute name="scale.x" type="float" value="2.000000" />
												<attribute name="scale.y" type="float" value="0.030000" />
												<attribute name="scale.z" type="float" value="1.000000" />
											</attributes>
											<animations>
												<animation index="4" attribute="scale.x" enabled="1" allow_runtime_adjustment="0">
													<keyframes>
														<keyframe time="0" p0="0.000000" p1="0.656667" p2="1.313333" />
														<keyframe time="1000" p0="1.970000" p1="-1.000000" p2="-1.000000" />
													</keyframes>
												</animation>
												<animation index="5" attribute="scale.y" enabled="1" allow_runtime_adjustment="0">
													<keyframes>
														<keyframe time="0" p0="0.050000" p1="0.050000" p2="0.050000" />
														<keyframe time="1000" p0="0.050000" p1="-1.000000" p2="-1.000000" />
													</keyframes>
												</animation>
												<animation index="6" attribute="scale.z" enabled="1" allow_runtime_adjustment="0">
													<keyframes>
														<keyframe time="0" p0="1.000000" p1="1.000000" p2="1.000000" />
														<keyframe time="1000" p0="1.000000" p1="-1.000000" p2="-1.000000" />
													</keyframes>
												</animation>
											</animations>
											<elements>
												<element index="23" id="AK39" name="Material73" type="material" large="0">
													<attributes>
														<attribute name="endtime" type="int" value="10000" />
													</attributes>
												</element>
											</elements>
										</element>
									</elements>
								</element>
							</elements>
						</element>
						<element index="24" id="AK40" name="shipstatus_background" type="geometry" large="0">
							<attributes>
								<attribute name="endtime" type="int" value="10000" />
							</attributes>
							<elements>
								<element index="25" id="AK45" name="Material64" type="material" large="0">
									<attributes>
										<attribute name="endtime" type="int" value="10000" />
									</attributes>
									<elements>
										<element index="26" id="AK46" name="shipstatus_background" type="texture" large="0">
											<attributes>
												<attribute name="endtime" type="int" value="10000" />
											</attributes>
										</element>
									</elements>
								</element>
							</elements>
						</element>
						<element index="27" id="AK47" name="pp_gradient" type="geometry" large="0">
							<attributes>
								<attribute name="endtime" type="int" value="10000" />
								<attribute name="position.x" type="float" value="0.000000" />
								<attribute name="position.y" type="float" value="114.000000" />
								<attribute name="position.z" type="float" value="0.000000" />
							</attributes>
							<animations>
								<animation index="7" attribute="position.x" enabled="1" allow_runtime_adjustment="0">
									<keyframes>
										<keyframe time="0" p0="0.000000" p1="0.000000" p2="0.000000" />
										<keyframe time="4000" p0="0.000000" p1="-1.000000" p2="-1.000000" />
									</keyframes>
								</animation>
								<animation index="8" attribute="position.y" enabled="1" allow_runtime_adjustment="0">
									<keyframes>
										<keyframe time="0" p0="114.000000" p1="114.000000" p2="-120.000000" />
										<keyframe time="4000" p0="-120.000000" p1="-1.000000" p2="-1.000000" />
									</keyframes>
								</animation>
								<animation index="9" attribute="position.z" enabled="1" allow_runtime_adjustment="0">
									<keyframes>
										<keyframe time="0" p0="-1.000000" p1="-1.000000" p2="-1.000000" />
										<keyframe time="4000" p0="-1.000000" p1="-1.000000" p2="-1.000000" />
									</keyframes>
								</animation>
							</animations>
							<elements>
								<element index="28" id="AK52" name="Material114" type="material" large="0">
									<attributes>
										<attribute name="endtime" type="int" value="10000" />
									</attributes>
									<elements>
										<element index="29" id="AK53" name="pp_gradient" type="texture" large="0">
											<attributes>
												<attribute name="endtime" type="int" value="10000" />
											</attributes>
										</element>
									</elements>
								</element>
							</elements>
						</element>
						<element index="30" id="AK54" name="shield1" type="dummy" large="1">
							<attributes>
								<attribute name="endtime" type="int" value="10000" />
							</attributes>
							<slides>
								<slide name="Master Slide" flags="9" starttime="0" endtime="10000">
									<affected_elements>
										<element_settings index="30" name="shield1" activate="0" />
										<element_settings index="31" name="Text" activate="0" />
										<element_settings index="32" name="shield1" activate="0" />
										<element_settings index="33" name="material" activate="0" />
										<element_settings index="34" name="shield1" activate="0" />
									</affected_elements>
								</slide>
								<slide name="inactive" flags="9" starttime="0" endtime="10000">
									<affected_elements>
										<element_settings index="30" name="shield1" activate="1" />
										<element_settings index="31" name="Text" activate="0" />
										<element_settings index="32" name="shield1" activate="0">
											<attributes>
												<attribute name="endtime" type="int" value="10000" />
											</attributes>
										</element_settings>
										<element_settings index="33" name="material" activate="0">
											<attributes>
												<attribute name="endtime" type="int" value="10000" />
											</attributes>
										</element_settings>
										<element_settings index="34" name="shield1" activate="0">
											<attributes>
												<attribute name="endtime" type="int" value="10000" />
											</attributes>
										</element_settings>
									</affected_elements>
								</slide>
								<slide name="active" flags="9" starttime="0" endtime="10000">
									<affected_elements>
										<element_settings index="30" name="shield1" activate="1" />
										<element_settings index="31" name="Text" activate="1" />
										<element_settings index="32" name="shield1" activate="1">
											<attributes>
												<attribute name="endtime" type="int" value="10000" />
											</attributes>
										</element_settings>
										<element_settings index="33" name="material" activate="1">
											<attributes>
												<attribute name="endtime" type="int" value="10000" />
											</attributes>
										</element_settings>
										<element_settings index="34" name="shield1" activate="1">
											<attributes>
												<attribute name="endtime" type="int" value="10000" />
											</attributes>
										</element_settings>
									</affected_elements>
								</slide>
							</slides>
							<elements>
								<element index="31" id="AK55" name="Text" type="text" large="0">
									<attributes>
										<attribute name="backcolor.r" type="float" value="0.000000" />
										<attribute name="backcolor.g" type="float" value="0.000000" />
										<attribute name="backcolor.b" type="float" value="0.000000" />
										<attribute name="backcolor.a" type="float" value="255.000000" />
										<attribute name="boxheight" type="float" value="0.250000" />
										<attribute name="boxwidth" type="float" value="0.250000" />
										<attribute name="endtime" type="int" value="10000" />
										<attribute name="font" type="string" value="zekton bold" />
										<attribute name="horzalign" type="int" value="1" />
										<attribute name="horzscroll" type="float" value="0.000000" />
										<attribute name="leading" type="float" value="0.000000" />
										<attribute name="opacity" type="float" value="100.000000" />
										<attribute name="orientation" type="int" value="0" />
										<attribute name="pivot.x" type="float" value="0.000000" />
										<attribute name="pivot.y" type="float" value="0.000000" />
										<attribute name="pivot.z" type="float" value="0.000000" />
										<attribute name="position.x" type="float" value="0.000000" />
										<attribute name="position.y" type="float" value="-5.000000" />
										<attribute name="position.z" type="float" value="-0.001000" />
										<attribute name="0x03972110" type="float" value="0.000000" />
										<attribute name="0x0398214F" type="float" value="0.000000" />
										<attribute name="0x0399218E" type="float" value="0.000000" />
										<attribute name="0x042455BC" type="int" value="1" />
										<attribute name="renderstyle" type="int" value="2" />
										<attribute name="rotation.x" type="float" value="0.000000" />
										<attribute name="rotation.y" type="float" value="0.000000" />
										<attribute name="rotation.z" type="float" value="0.000000" />
										<attribute name="rotationorder" type="int" value="4" />
										<attribute name="0x051A161B" type="float" value="0.000000" />
										<attribute name="0x051B165A" type="float" value="0.000000" />
										<attribute name="0x051C1699" type="float" value="0.000000" />
										<attribute name="scale.x" type="float" value="1.000000" />
										<attribute name="scale.y" type="float" value="1.000000" />
										<attribute name="scale.z" type="float" value="1.000000" />
										<attribute name="size" type="float" value="16.000000" />
										<attribute name="textcolor.r" type="float" value="255.000000" />
										<attribute name="textcolor.g" type="float" value="255.000000" />
										<attribute name="textcolor.b" type="float" value="255.000000" />
										<attribute name="textcolor.a" type="float" value="255.000000" />
										<attribute name="textstring" type="string" value="99" />
										<attribute name="texttype" type="int" value="0" />
										<attribute name="0x0793DEB3" type="bool" value="0" />
										<attribute name="timeoffset" type="int" value="0" />
										<attribute name="tracking" type="float" value="0.000000" />
										<attribute name="usebackcolor" type="bool" value="0" />
										<attribute name="vertalign" type="int" value="1" />
										<attribute name="vertscroll" type="float" value="0.000000" />
										<attribute name="wordwrap" type="bool" value="1" />
									</attributes>
								</element>
								<element index="32" id="AK56" name="shield1" type="geometry" large="0">
									<attributes>
										<attribute name="endtime" type="int" value="4000" />
										<attribute name="scale.x" type="float" value="0.400000" />
										<attribute name="scale.y" type="float" value="0.550000" />
										<attribute name="scale.z" type="float" value="1.000000" />
										<attribute name="timeoffset" type="int" value="0" />
									</attributes>
									<elements>
										<element index="33" id="AK61" name="material" type="material" large="0">
											<attributes>
												<attribute name="endtime" type="int" value="4000" />
											</attributes>
											<elements>
												<element index="34" id="AK62" name="shield1" type="texture" large="0">
													<attributes>
														<attribute name="endtime" type="int" value="4000" />
													</attributes>
												</element>
											</elements>
										</element>
									</elements>
								</element>
							</elements>
						</element>
						<element index="35" id="AK63" name="shield2" type="dummy" large="1">
							<attributes>
								<attribute name="endtime" type="int" value="10000" />
							</attributes>
							<slides>
								<slide name="Master Slide" flags="9" starttime="0" endtime="10000">
									<affected_elements>
										<element_settings index="35" name="shield2" activate="0" />
										<element_settings index="36" name="Text" activate="0" />
										<element_settings index="37" name="shield2" activate="0" />
										<element_settings index="38" name="material" activate="0" />
										<element_settings index="39" name="shield2" activate="0" />
									</affected_elements>
								</slide>
								<slide name="inactive" flags="9" starttime="0" endtime="10000">
									<affected_elements>
										<element_settings index="35" name="shield2" activate="1" />
										<element_settings index="36" name="Text" activate="0" />
										<element_settings index="37" name="shield2" activate="0">
											<attributes>
												<attribute name="endtime" type="int" value="10000" />
											</attributes>
										</element_settings>
										<element_settings index="38" name="material" activate="0">
											<attributes>
												<attribute name="endtime" type="int" value="10000" />
											</attributes>
										</element_settings>
										<element_settings index="39" name="shield2" activate="0">
											<attributes>
												<attribute name="endtime" type="int" value="10000" />
											</attributes>
										</element_settings>
									</affected_elements>
								</slide>
								<slide name="active" flags="9" starttime="0" endtime="10000">
									<affected_elements>
										<element_settings index="35" name="shield2" activate="1" />
										<element_settings index="36" name="Text" activate="1" />
										<element_settings index="37" name="shield2" activate="1">
											<attributes>
												<attribute name="endtime" type="int" value="10000" />
											</attributes>
										</element_settings>
										<element_settings index="38" name="material" activate="1">
											<attributes>
												<attribute name="endtime" type="int" value="10000" />
											</attributes>
										</element_settings>
										<element_settings index="39" name="shield2" activate="1">
											<attributes>
												<attribute name="endtime" type="int" value="10000" />
											</attributes>
										</element_settings>
									</affected_elements>
								</slide>
							</slides>
							<elements>
								<element index="36" id="AK64" name="Text" type="text" large="0">
									<attributes>
										<attribute name="backcolor.r" type="float" value="0.000000" />
										<attribute name="backcolor.g" type="float" value="0.000000" />
										<attribute name="backcolor.b" type="float" value="0.000000" />
										<attribute name="backcolor.a" type="float" value="255.000000" />
										<attribute name="boxheight" type="float" value="0.250000" />
										<attribute name="boxwidth" type="float" value="0.250000" />
										<attribute name="endtime" type="int" value="10000" />
										<attribute name="font" type="string" value="zekton bold" />
										<attribute name="horzalign" type="int" value="1" />
										<attribute name="horzscroll" type="float" value="0.000000" />
										<attribute name="leading" type="float" value="0.000000" />
										<attribute name="opacity" type="float" value="100.000000" />
										<attribute name="orientation" type="int" value="0" />
										<attribute name="pivot.x" type="float" value="0.000000" />
										<attribute name="pivot.y" type="float" value="0.000000" />
										<attribute name="pivot.z" type="float" value="0.000000" />
										<attribute name="position.x" type="float" value="0.000000" />
										<attribute name="position.y" type="float" value="-5.000000" />
										<attribute name="position.z" type="float" value="-0.001000" />
										<attribute name="0x03972110" type="float" value="0.000000" />
										<attribute name="0x0398214F" type="float" value="0.000000" />
										<attribute name="0x0399218E" type="float" value="0.000000" />
										<attribute name="0x042455BC" type="int" value="1" />
										<attribute name="renderstyle" type="int" value="2" />
										<attribute name="rotation.x" type="float" value="0.000000" />
										<attribute name="rotation.y" type="float" value="0.000000" />
										<attribute name="rotation.z" type="float" value="0.000000" />
										<attribute name="rotationorder" type="int" value="4" />
										<attribute name="0x051A161B" type="float" value="0.000000" />
										<attribute name="0x051B165A" type="float" value="0.000000" />
										<attribute name="0x051C1699" type="float" value="0.000000" />
										<attribute name="scale.x" type="float" value="1.000000" />
										<attribute name="scale.y" type="float" value="1.000000" />
										<attribute name="scale.z" type="float" value="1.000000" />
										<attribute name="size" type="float" value="16.000000" />
										<attribute name="textcolor.r" type="float" value="255.000000" />
										<attribute name="textcolor.g" type="float" value="255.000000" />
										<attribute name="textcolor.b" type="float" value="255.000000" />
										<attribute name="textcolor.a" type="float" value="255.000000" />
										<attribute name="textstring" type="string" value="99" />
										<attribute name="texttype" type="int" value="0" />
										<attribute name="0x0793DEB3" type="bool" value="0" />
										<attribute name="timeoffset" type="int" value="0" />
										<attribute name="tracking" type="float" value="0.000000" />
										<attribute name="usebackcolor" type="bool" value="0" />
										<attribute name="vertalign" type="int" value="1" />
										<attribute name="vertscroll" type="float" value="0.000000" />
										<attribute name="wordwrap" type="bool" value="1" />
									</attributes>
								</element>
								<element index="37" id="AK65" name="shield2" type="geometry" large="0">
									<attributes>
										<attribute name="endtime" type="int" value="4000" />
										<attribute name="scale.x" type="float" value="0.400000" />
										<attribute name="scale.y" type="float" value="0.550000" />
										<attribute name="scale.z" type="float" value="1.000000" />
										<attribute name="timeoffset" type="int" value="0" />
									</attributes>
									<elements>
										<element index="38" id="AK68" name="material" type="material" large="0">
											<attributes>
												<attribute name="endtime" type="int" value="4000" />
											</attributes>
											<elements>
												<element index="39" id="AK69" name="shield2" type="texture" large="0">
													<attributes>
														<attribute name="endtime" type="int" value="4000" />
													</attributes>
												</element>
											</elements>
										</element>
									</elements>
								</element>
							</elements>
						</element>
					</elements>
				</element>
			</elements>
		</element>
	</elements>
</presentation>
