<?xml version="1.0"?>
<presentation>
	<elements>
		<element index="0" id="AK1" name="Scene" type="dummy" large="1">
			<slides>
				<slide name="Master Slide" flags="0" starttime="0" endtime="10000">
					<affected_elements>
						<element_settings index="0" name="Scene" activate="0" />
						<element_settings index="1" activate="0" />
						<element_settings index="2" activate="0" />
						<element_settings index="3" name="Layer" activate="0" />
						<element_settings index="4" name="Camera" activate="0" />
						<element_settings index="5" name="speedbar" activate="0" />
					</affected_elements>
				</slide>
				<slide name="range" flags="13" starttime="0" endtime="10000">
					<affected_elements>
						<element_settings index="0" name="Scene" activate="1" />
						<element_settings index="1" activate="1" />
						<element_settings index="2" activate="1" />
						<element_settings index="3" name="Layer" activate="1" />
						<element_settings index="4" name="Camera" activate="1" />
						<element_settings index="5" name="speedbar" activate="1" />
					</affected_elements>
				</slide>
			</slides>
			<elements>
				<element index="1" type="contract" large="0">
					<attributes>
						<attribute name="endtime" type="int" value="10000" />
						<attribute name="timeoffset" type="int" value="0" />
						<attribute name="AKCustomObjType" type="string" value="contract" />
						<attribute name="0x073F25FB" type="bool" value="1" />
						<attribute name="0x04A9EC63" type="string" value="UIContract" />
					</attributes>
					<events>
						<event name="onUp" />
						<event name="onDown" />
						<event name="onLeft" />
						<event name="onRight" />
						<event name="onSelect" />
						<event name="onBack" />
						<event name="onKeyDown" />
					</events>
				</element>
				<element index="2" type="contract" large="0">
					<attributes>
						<attribute name="endtime" type="int" value="10000" />
						<attribute name="timeoffset" type="int" value="0" />
						<attribute name="BehaviorScripts" type="string" value="Cockpit Speedbar.lua" />
					</attributes>
				</element>
				<element index="3" id="AK2" name="Layer" type="geometry" large="0">
					<attributes>
						<attribute name="endtime" type="int" value="10000" />
						<attribute name="timeoffset" type="int" value="0" />
						<attribute name="transparent" type="bool" value="0" />
						<attribute name="renderpriority" type="int" value="0" />
						<attribute name="rendertarget" type="string" value="assets\fx\rendertargets\cockpit_speedbar-rendertarget" />
						<attribute name="renderbehindcockpit" type="bool" value="0" />
						<attribute name="mousepicking" type="bool" value="0" />
						<attribute name="rendergroupidentifier" type="int" value="1" />
					</attributes>
					<elements>
						<element index="4" id="AK4" name="Camera" type="camera" large="0">
							<attributes>
								<attribute name="clipfar" type="float" value="5000.000000" />
								<attribute name="clipnear" type="float" value="5.000000" />
								<attribute name="endtime" type="int" value="10000" />
								<attribute name="fogcolor.r" type="float" value="0.000000" />
								<attribute name="fogcolor.g" type="float" value="0.000000" />
								<attribute name="fogcolor.b" type="float" value="0.000000" />
								<attribute name="fogcolor.a" type="float" value="0.000000" />
								<attribute name="fogenable" type="bool" value="0" />
								<attribute name="fogfar" type="float" value="5000.000000" />
								<attribute name="0x034179DF" type="int" value="0" />
								<attribute name="fognear" type="float" value="0.000000" />
								<attribute name="0x05E4F468" type="int" value="2" />
								<attribute name="fov" type="float" value="56.820000" />
								<attribute name="0x055BB8E3" type="bool" value="0" />
								<attribute name="0x07C50A18" type="float" value="0.000000" />
								<attribute name="0x07C60A57" type="float" value="0.000000" />
								<attribute name="0x07C70A96" type="float" value="0.000000" />
								<attribute name="orientation" type="int" value="0" />
								<attribute name="orthographic" type="bool" value="0" />
								<attribute name="pivot.x" type="float" value="0.000000" />
								<attribute name="pivot.y" type="float" value="0.000000" />
								<attribute name="pivot.z" type="float" value="0.000000" />
								<attribute name="position.x" type="float" value="0.000000" />
								<attribute name="position.y" type="float" value="0.000000" />
								<attribute name="position.z" type="float" value="-600.000000" />
								<attribute name="0x03972110" type="float" value="0.000000" />
								<attribute name="0x0398214F" type="float" value="0.000000" />
								<attribute name="0x0399218E" type="float" value="0.000000" />
								<attribute name="0x042455BC" type="int" value="1" />
								<attribute name="rotation.x" type="float" value="0.000000" />
								<attribute name="rotation.y" type="float" value="0.000000" />
								<attribute name="rotation.z" type="float" value="0.000000" />
								<attribute name="rotationorder" type="int" value="4" />
								<attribute name="0x051A161B" type="float" value="0.000000" />
								<attribute name="0x051B165A" type="float" value="0.000000" />
								<attribute name="0x051C1699" type="float" value="0.000000" />
								<attribute name="scale.x" type="float" value="1.000000" />
								<attribute name="scale.y" type="float" value="1.000000" />
								<attribute name="scale.z" type="float" value="1.000000" />
								<attribute name="0x0793DEB3" type="bool" value="0" />
								<attribute name="timeoffset" type="int" value="0" />
							</attributes>
						</element>
						<element index="5" id="AK5" name="speedbar" type="dummy" large="1">
							<slides>
								<slide name="Master Slide" flags="9" starttime="0" endtime="10000">
									<affected_elements>
										<element_settings index="5" name="speedbar" activate="0" />
										<element_settings index="6" name="Background" activate="0" />
										<element_settings index="7" name="speedbar_background" activate="0" />
										<element_settings index="8" name="Material368" activate="0" />
										<element_settings index="9" name="speedbar_background" activate="0" />
										<element_settings index="10" name="targetedSpeed" activate="0" />
										<element_settings index="20" name="actualSpeed" activate="0" />
									</affected_elements>
								</slide>
								<slide name="active" flags="13" starttime="0" endtime="1000">
									<affected_elements>
										<element_settings index="5" name="speedbar" activate="1" />
										<element_settings index="6" name="Background" activate="1" />
										<element_settings index="7" name="speedbar_background" activate="1" />
										<element_settings index="8" name="Material368" activate="1" />
										<element_settings index="9" name="speedbar_background" activate="1" />
										<element_settings index="10" name="targetedSpeed" activate="1" />
										<element_settings index="20" name="actualSpeed" activate="1">
											<attributes>
												<attribute name="endtime" type="int" value="1000" />
											</attributes>
										</element_settings>
									</affected_elements>
								</slide>
							</slides>
							<elements>
								<element index="6" id="AK6" name="Background" type="geometry" large="0">
									<attributes>
										<attribute name="endtime" type="int" value="1000" />
										<attribute name="timeoffset" type="int" value="0" />
									</attributes>
									<elements>
										<element index="7" id="AK7" name="speedbar_background" type="geometry" large="0">
											<elements>
												<element index="8" id="AK12" name="Material368" type="material" large="0">
													<elements>
														<element index="9" id="AK13" name="speedbar_background" type="texture" large="0" />
													</elements>
												</element>
											</elements>
										</element>
									</elements>
								</element>
								<element index="10" id="AK14" name="targetedSpeed" type="dummy" large="1">
									<attributes>
										<attribute name="endtime" type="int" value="1000" />
										<attribute name="timeoffset" type="int" value="0" />
									</attributes>
									<slides>
										<slide name="Master Slide" flags="9" starttime="0" endtime="2000">
											<affected_elements>
												<element_settings index="10" name="targetedSpeed" activate="0" />
												<element_settings index="11" name="cons_speedbar_reverse" activate="0">
													<attributes>
														<attribute name="scale.x" type="float" value="0.050000" />
														<attribute name="scale.y" type="float" value="0.080000" />
														<attribute name="scale.z" type="float" value="1.000000" />
													</attributes>
													<animations>
														<animation index="0" activate="0" />
														<animation index="1" activate="0" />
														<animation index="2" activate="0" />
													</animations>
												</element_settings>
												<element_settings index="12" name="Material398" activate="0" />
												<element_settings index="13" name="speedbar_target_speed" activate="0" />
												<element_settings index="14" name="cons_speedbar_forward" activate="0">
													<attributes>
														<attribute name="scale.x" type="float" value="0.000000" />
														<attribute name="scale.y" type="float" value="0.080000" />
														<attribute name="scale.z" type="float" value="1.000000" />
													</attributes>
													<animations>
														<animation index="3" activate="0" />
														<animation index="4" activate="0" />
														<animation index="5" activate="0" />
														<animation index="6" activate="0" />
														<animation index="7" activate="0" />
														<animation index="8" activate="0" />
													</animations>
												</element_settings>
												<element_settings index="15" name="Material398" activate="0" />
												<element_settings index="16" name="speedbar_target_speed" activate="0" />
												<element_settings index="17" name="cons_speedbar_arrow" activate="0">
													<attributes>
														<attribute name="opacity" type="float" value="100.000000" />
														<attribute name="position.x" type="float" value="-32.000000" />
														<attribute name="position.y" type="float" value="-1.000000" />
														<attribute name="position.z" type="float" value="-0.100000" />
													</attributes>
													<animations>
														<animation index="9" activate="0" />
														<animation index="10" activate="0" />
														<animation index="11" activate="0" />
														<animation index="12" activate="0" />
													</animations>
												</element_settings>
												<element_settings index="18" name="Material406" activate="0" />
												<element_settings index="19" name="speedbar_arrow" activate="0" />
											</affected_elements>
										</slide>
										<slide name="range" flags="13" starttime="0" endtime="2000">
											<affected_elements>
												<element_settings index="10" name="targetedSpeed" activate="1" />
												<element_settings index="11" name="cons_speedbar_reverse" activate="1">
													<attributes>
														<attribute name="scale.x" type="float" value="0.360000" />
														<attribute name="scale.y" type="float" value="0.080000" />
														<attribute name="scale.z" type="float" value="1.000000" />
													</attributes>
													<animations>
														<animation index="0" activate="1" />
														<animation index="1" activate="1" />
														<animation index="2" activate="1" />
													</animations>
												</element_settings>
												<element_settings index="12" name="Material398" activate="1" />
												<element_settings index="13" name="speedbar_target_speed" activate="1" />
												<element_settings index="14" name="cons_speedbar_forward" activate="1">
													<attributes>
														<attribute name="scale.x" type="float" value="0.030000" />
														<attribute name="scale.y" type="float" value="0.080000" />
														<attribute name="scale.z" type="float" value="1.000000" />
													</attributes>
													<animations>
														<animation index="3" activate="0" />
														<animation index="4" activate="0" />
														<animation index="5" activate="0" />
														<animation index="6" activate="1" />
														<animation index="7" activate="1" />
														<animation index="8" activate="1" />
													</animations>
												</element_settings>
												<element_settings index="15" name="Material398" activate="1" />
												<element_settings index="16" name="speedbar_target_speed" activate="1" />
												<element_settings index="17" name="cons_speedbar_arrow" activate="1">
													<attributes>
														<attribute name="opacity" type="float" value="100.000000" />
														<attribute name="position.x" type="float" value="-67.000000" />
														<attribute name="position.y" type="float" value="-1.000000" />
														<attribute name="position.z" type="float" value="-0.100000" />
													</attributes>
													<animations>
														<animation index="9" activate="1" />
														<animation index="10" activate="1" />
														<animation index="11" activate="1" />
														<animation index="12" activate="1" />
													</animations>
												</element_settings>
												<element_settings index="18" name="Material406" activate="1" />
												<element_settings index="19" name="speedbar_arrow" activate="1" />
											</affected_elements>
										</slide>
									</slides>
									<elements>
										<element index="11" id="AK15" name="cons_speedbar_reverse" type="geometry" large="0">
											<attributes>
												<attribute name="endtime" type="int" value="2000" />
												<attribute name="pivot.x" type="float" value="50.000000" />
												<attribute name="pivot.y" type="float" value="0.000000" />
												<attribute name="pivot.z" type="float" value="0.000000" />
												<attribute name="position.x" type="float" value="-34.000000" />
												<attribute name="position.y" type="float" value="-1.000000" />
												<attribute name="position.z" type="float" value="-0.100000" />
												<attribute name="scale.x" type="float" value="0.050000" />
												<attribute name="scale.y" type="float" value="0.080000" />
												<attribute name="scale.z" type="float" value="1.000000" />
												<attribute name="timeoffset" type="int" value="0" />
											</attributes>
											<animations>
												<animation index="0" attribute="scale.x" enabled="1" allow_runtime_adjustment="0">
													<keyframes>
														<keyframe time="0" p0="0.360000" p1="0.240000" p2="0.120000" />
														<keyframe time="1001" p0="0.000000" p1="-1.000000" p2="-1.000000" />
													</keyframes>
												</animation>
												<animation index="1" attribute="scale.y" enabled="1" allow_runtime_adjustment="0">
													<keyframes>
														<keyframe time="0" p0="0.080000" p1="0.080000" p2="0.080000" />
														<keyframe time="1001" p0="0.080000" p1="-1.000000" p2="-1.000000" />
													</keyframes>
												</animation>
												<animation index="2" attribute="scale.z" enabled="1" allow_runtime_adjustment="0">
													<keyframes>
														<keyframe time="0" p0="1.000000" p1="1.000000" p2="1.000000" />
														<keyframe time="1001" p0="1.000000" p1="-1.000000" p2="-1.000000" />
													</keyframes>
												</animation>
											</animations>
											<elements>
												<element index="12" id="AK20" name="Material398" type="material" large="0">
													<elements>
														<element index="13" id="AK21" name="speedbar_target_speed" type="texture" large="0" />
													</elements>
												</element>
											</elements>
										</element>
										<element index="14" id="AK22" name="cons_speedbar_forward" type="geometry" large="0">
											<attributes>
												<attribute name="endtime" type="int" value="2000" />
												<attribute name="pivot.x" type="float" value="-50.000000" />
												<attribute name="pivot.y" type="float" value="0.000000" />
												<attribute name="pivot.z" type="float" value="0.000000" />
												<attribute name="position.x" type="float" value="-30.000000" />
												<attribute name="position.y" type="float" value="-1.000000" />
												<attribute name="position.z" type="float" value="-0.100000" />
												<attribute name="scale.x" type="float" value="0.000000" />
												<attribute name="scale.y" type="float" value="0.080000" />
												<attribute name="scale.z" type="float" value="1.000000" />
												<attribute name="timeoffset" type="int" value="0" />
											</attributes>
											<animations>
												<animation index="3" attribute="scale.x" enabled="1" allow_runtime_adjustment="0">
													<keyframes>
														<keyframe time="1000" p0="0.000000" p1="0.300000" p2="0.600000" />
														<keyframe time="2000" p0="0.900000" p1="-1.000000" p2="-1.000000" />
													</keyframes>
												</animation>
												<animation index="4" attribute="scale.y" enabled="1" allow_runtime_adjustment="0">
													<keyframes>
														<keyframe time="1000" p0="0.080000" p1="0.080000" p2="0.080000" />
														<keyframe time="2000" p0="0.080000" p1="-1.000000" p2="-1.000000" />
													</keyframes>
												</animation>
												<animation index="5" attribute="scale.z" enabled="1" allow_runtime_adjustment="0">
													<keyframes>
														<keyframe time="1000" p0="1.000000" p1="1.000000" p2="1.000000" />
														<keyframe time="2000" p0="1.000000" p1="-1.000000" p2="-1.000000" />
													</keyframes>
												</animation>
												<animation index="6" attribute="scale.x" enabled="1" allow_runtime_adjustment="0">
													<keyframes>
														<keyframe time="1000" p0="0.000000" p1="0.300000" p2="0.600000" />
														<keyframe time="2000" p0="0.900000" p1="-1.000000" p2="-1.000000" />
													</keyframes>
												</animation>
												<animation index="7" attribute="scale.y" enabled="1" allow_runtime_adjustment="0">
													<keyframes>
														<keyframe time="1000" p0="0.080000" p1="0.080000" p2="0.080000" />
														<keyframe time="2000" p0="0.080000" p1="-1.000000" p2="-1.000000" />
													</keyframes>
												</animation>
												<animation index="8" attribute="scale.z" enabled="1" allow_runtime_adjustment="0">
													<keyframes>
														<keyframe time="1000" p0="1.000000" p1="1.000000" p2="1.000000" />
														<keyframe time="2000" p0="1.000000" p1="-1.000000" p2="-1.000000" />
													</keyframes>
												</animation>
											</animations>
											<elements>
												<element index="15" id="AK25" name="Material398" type="material" large="0">
													<elements>
														<element index="16" id="AK26" name="speedbar_target_speed" type="texture" large="0" />
													</elements>
												</element>
											</elements>
										</element>
										<element index="17" id="AK27" name="cons_speedbar_arrow" type="geometry" large="0">
											<attributes>
												<attribute name="endtime" type="int" value="2000" />
												<attribute name="opacity" type="float" value="100.000000" />
												<attribute name="position.x" type="float" value="-32.000000" />
												<attribute name="position.y" type="float" value="-1.000000" />
												<attribute name="position.z" type="float" value="-0.100000" />
												<attribute name="timeoffset" type="int" value="0" />
											</attributes>
											<animations>
												<animation index="9" attribute="position.x" enabled="1" allow_runtime_adjustment="0">
													<keyframes>
														<keyframe time="0" p0="-67.000000" p1="-55.333332" p2="-43.666664" />
														<keyframe time="1000" p0="-32.000000" p1="-32.000000" p2="-32.000000" />
														<keyframe time="1001" p0="-32.000000" p1="-2.000000" p2="28.000000" />
														<keyframe time="2000" p0="58.000000" p1="-1.000000" p2="-1.000000" />
													</keyframes>
												</animation>
												<animation index="10" attribute="position.y" enabled="1" allow_runtime_adjustment="0">
													<keyframes>
														<keyframe time="0" p0="-1.000000" p1="-1.000000" p2="-1.000000" />
														<keyframe time="1000" p0="-1.000000" p1="-1.000000" p2="-1.000000" />
														<keyframe time="1001" p0="-1.000000" p1="-1.000000" p2="-1.000000" />
														<keyframe time="2000" p0="-1.000000" p1="-1.000000" p2="-1.000000" />
													</keyframes>
												</animation>
												<animation index="11" attribute="position.z" enabled="1" allow_runtime_adjustment="0">
													<keyframes>
														<keyframe time="0" p0="-0.100000" p1="-0.100000" p2="-0.100000" />
														<keyframe time="1000" p0="-0.100000" p1="-0.100000" p2="-0.100000" />
														<keyframe time="1001" p0="-0.100000" p1="-0.100000" p2="-0.100000" />
														<keyframe time="2000" p0="-0.100000" p1="-1.000000" p2="-1.000000" />
													</keyframes>
												</animation>
												<animation index="12" attribute="opacity" enabled="1" allow_runtime_adjustment="0">
													<keyframes>
														<keyframe time="998" p0="100.000000" p1="100.000000" p2="0.000000" />
														<keyframe time="1000" p0="0.000000" p1="0.000000" p2="66.666672" />
														<keyframe time="1001" p0="100.000000" p1="100.000000" p2="100.000000" />
														<keyframe time="2000" p0="100.000000" p1="-1.000000" p2="-1.000000" />
													</keyframes>
												</animation>
											</animations>
											<elements>
												<element index="18" id="AK32" name="Material406" type="material" large="0">
													<elements>
														<element index="19" id="AK33" name="speedbar_arrow" type="texture" large="0" />
													</elements>
												</element>
											</elements>
										</element>
									</elements>
								</element>
								<element index="20" id="AK34" name="actualSpeed" type="dummy" large="1">
									<attributes>
										<attribute name="endtime" type="int" value="10000" />
									</attributes>
									<slides>
										<slide name="Master Slide" flags="9" starttime="0" endtime="2000">
											<affected_elements>
												<element_settings index="20" name="actualSpeed" activate="0" />
												<element_settings index="21" name="cons_speedbar_reverse" activate="0">
													<attributes>
														<attribute name="scale.x" type="float" value="0.350000" />
														<attribute name="scale.y" type="float" value="0.250000" />
														<attribute name="scale.z" type="float" value="1.388890" />
													</attributes>
													<animations>
														<animation index="13" activate="0" />
														<animation index="14" activate="0" />
														<animation index="15" activate="0" />
													</animations>
												</element_settings>
												<element_settings index="22" name="Material376" activate="0" />
												<element_settings index="23" name="speedbar_actual_speed" activate="0" />
												<element_settings index="24" name="cons_speedbar_forward" activate="0">
													<attributes>
														<attribute name="scale.x" type="float" value="0.861111" />
														<attribute name="scale.y" type="float" value="0.250000" />
														<attribute name="scale.z" type="float" value="1.388890" />
													</attributes>
													<animations>
														<animation index="16" activate="0" />
														<animation index="17" activate="0" />
														<animation index="18" activate="0" />
													</animations>
												</element_settings>
												<element_settings index="25" name="Material376" activate="0" />
												<element_settings index="26" name="speedbar_actual_speed" activate="0" />
											</affected_elements>
										</slide>
										<slide name="range" flags="13" starttime="0" endtime="2000">
											<affected_elements>
												<element_settings index="20" name="actualSpeed" activate="1" />
												<element_settings index="21" name="cons_speedbar_reverse" activate="1">
													<attributes>
														<attribute name="scale.x" type="float" value="0.360000" />
														<attribute name="scale.y" type="float" value="0.250000" />
														<attribute name="scale.z" type="float" value="1.388890" />
													</attributes>
													<animations>
														<animation index="13" activate="1" />
														<animation index="14" activate="1" />
														<animation index="15" activate="1" />
													</animations>
												</element_settings>
												<element_settings index="22" name="Material376" activate="1" />
												<element_settings index="23" name="speedbar_actual_speed" activate="1" />
												<element_settings index="24" name="cons_speedbar_forward" activate="1">
													<attributes>
														<attribute name="scale.x" type="float" value="0.000000" />
														<attribute name="scale.y" type="float" value="0.250000" />
														<attribute name="scale.z" type="float" value="1.388890" />
													</attributes>
													<animations>
														<animation index="16" activate="1" />
														<animation index="17" activate="1" />
														<animation index="18" activate="1" />
													</animations>
												</element_settings>
												<element_settings index="25" name="Material376" activate="1" />
												<element_settings index="26" name="speedbar_actual_speed" activate="1" />
											</affected_elements>
										</slide>
									</slides>
									<elements>
										<element index="21" id="AK35" name="cons_speedbar_reverse" type="geometry" large="0">
											<attributes>
												<attribute name="endtime" type="int" value="2000" />
												<attribute name="pivot.x" type="float" value="-48.000000" />
												<attribute name="pivot.y" type="float" value="0.000000" />
												<attribute name="pivot.z" type="float" value="0.000000" />
												<attribute name="position.x" type="float" value="-35.000000" />
												<attribute name="position.y" type="float" value="5.000000" />
												<attribute name="position.z" type="float" value="0.000000" />
												<attribute name="scale.x" type="float" value="0.350000" />
												<attribute name="scale.y" type="float" value="0.250000" />
												<attribute name="scale.z" type="float" value="1.388890" />
												<attribute name="timeoffset" type="int" value="0" />
											</attributes>
											<animations>
												<animation index="13" attribute="scale.x" enabled="1" allow_runtime_adjustment="0">
													<keyframes>
														<keyframe time="0" p0="0.360000" p1="0.240000" p2="0.120000" />
														<keyframe time="1000" p0="0.000000" p1="-1.000000" p2="-1.000000" />
													</keyframes>
												</animation>
												<animation index="14" attribute="scale.y" enabled="1" allow_runtime_adjustment="0">
													<keyframes>
														<keyframe time="0" p0="0.250000" p1="0.250000" p2="0.250000" />
														<keyframe time="1000" p0="0.250000" p1="-1.000000" p2="-1.000000" />
													</keyframes>
												</animation>
												<animation index="15" attribute="scale.z" enabled="1" allow_runtime_adjustment="0">
													<keyframes>
														<keyframe time="0" p0="1.388889" p1="1.388889" p2="1.388889" />
														<keyframe time="1000" p0="1.388889" p1="-1.000000" p2="-1.000000" />
													</keyframes>
												</animation>
											</animations>
											<elements>
												<element index="22" id="AK40" name="Material376" type="material" large="0">
													<elements>
														<element index="23" id="AK41" name="speedbar_actual_speed" type="texture" large="0" />
													</elements>
												</element>
											</elements>
										</element>
										<element index="24" id="AK42" name="cons_speedbar_forward" type="geometry" large="0">
											<attributes>
												<attribute name="endtime" type="int" value="2000" />
												<attribute name="pivot.x" type="float" value="-48.000000" />
												<attribute name="pivot.y" type="float" value="0.000000" />
												<attribute name="pivot.z" type="float" value="0.000000" />
												<attribute name="position.x" type="float" value="-29.000000" />
												<attribute name="position.y" type="float" value="5.000000" />
												<attribute name="position.z" type="float" value="0.000000" />
												<attribute name="scale.x" type="float" value="0.861111" />
												<attribute name="scale.y" type="float" value="0.250000" />
												<attribute name="scale.z" type="float" value="1.388890" />
												<attribute name="timeoffset" type="int" value="0" />
											</attributes>
											<animations>
												<animation index="16" attribute="scale.x" enabled="1" allow_runtime_adjustment="0">
													<keyframes>
														<keyframe time="1000" p0="0.000000" p1="0.310000" p2="0.620000" />
														<keyframe time="2000" p0="0.930000" p1="-1.000000" p2="-1.000000" />
													</keyframes>
												</animation>
												<animation index="17" attribute="scale.y" enabled="1" allow_runtime_adjustment="0">
													<keyframes>
														<keyframe time="1000" p0="0.250000" p1="0.250000" p2="0.250000" />
														<keyframe time="2000" p0="0.250000" p1="-1.000000" p2="-1.000000" />
													</keyframes>
												</animation>
												<animation index="18" attribute="scale.z" enabled="1" allow_runtime_adjustment="0">
													<keyframes>
														<keyframe time="1000" p0="1.388889" p1="1.388889" p2="1.388889" />
														<keyframe time="2000" p0="1.388889" p1="-1.000000" p2="-1.000000" />
													</keyframes>
												</animation>
											</animations>
											<elements>
												<element index="25" id="AK45" name="Material376" type="material" large="0">
													<elements>
														<element index="26" id="AK46" name="speedbar_actual_speed" type="texture" large="0" />
													</elements>
												</element>
											</elements>
										</element>
									</elements>
								</element>
							</elements>
						</element>
					</elements>
				</element>
			</elements>
		</element>
	</elements>
</presentation>
