<?xml version="1.0"?>
<presentation>
	<elements>
		<element index="0" id="AK1" name="Scene" type="dummy" large="1">
			<slides>
				<slide name="Master Slide" flags="0" starttime="0" endtime="10000">
					<affected_elements>
						<element_settings index="0" name="Scene" activate="0" />
						<element_settings index="1" activate="0" />
						<element_settings index="2" name="gameover" activate="0" />
						<element_settings index="3" name="Layer" activate="0" />
						<element_settings index="4" name="Camera" activate="0" />
						<element_settings index="5" name="gameover" activate="0" />
					</affected_elements>
				</slide>
				<slide name="Slide1" flags="0" starttime="0" endtime="10000">
					<affected_elements>
						<element_settings index="0" name="Scene" activate="1" />
						<element_settings index="1" activate="1" />
						<element_settings index="2" name="gameover" activate="1" />
						<element_settings index="3" name="Layer" activate="1" />
						<element_settings index="4" name="Camera" activate="1" />
						<element_settings index="5" name="gameover" activate="1" />
					</affected_elements>
				</slide>
			</slides>
			<elements>
				<element index="1" type="contract" large="0">
					<attributes>
						<attribute name="endtime" type="int" value="10000" />
						<attribute name="timeoffset" type="int" value="0" />
						<attribute name="AKCustomObjType" type="string" value="contract" />
						<attribute name="0x073F25FB" type="bool" value="1" />
						<attribute name="0x04A9EC63" type="string" value="UIContract" />
					</attributes>
					<events>
						<event name="onUp" />
						<event name="onDown" />
						<event name="onLeft" />
						<event name="onRight" />
						<event name="onSelect" />
						<event name="onBack" />
						<event name="onKeyDown" />
					</events>
				</element>
				<element index="2" name="gameover" type="contract" large="0">
					<attributes>
						<attribute name="endtime" type="int" value="10000" />
						<attribute name="timeoffset" type="int" value="0" />
						<attribute name="BehaviorScripts" type="string" value="gameover.lua" />
					</attributes>
				</element>
				<element index="3" id="AK2" name="Layer" type="geometry" large="0">
					<attributes>
						<attribute name="endtime" type="int" value="10000" />
						<attribute name="timeoffset" type="int" value="0" />
						<attribute name="transparent" type="bool" value="0" />
						<attribute name="renderpriority" type="int" value="0" />
						<attribute name="rendertarget" type="string" value="" />
						<attribute name="renderbehindcockpit" type="bool" value="0" />
						<attribute name="mousepicking" type="bool" value="0" />
						<attribute name="rendergroupidentifier" type="int" value="3" />
					</attributes>
					<elements>
						<element index="4" id="AK4" name="Camera" type="camera" large="0">
							<attributes>
								<attribute name="clipfar" type="float" value="5000.000000" />
								<attribute name="clipnear" type="float" value="5.000000" />
								<attribute name="endtime" type="int" value="10000" />
								<attribute name="fogcolor.r" type="float" value="0.000000" />
								<attribute name="fogcolor.g" type="float" value="0.000000" />
								<attribute name="fogcolor.b" type="float" value="0.000000" />
								<attribute name="fogcolor.a" type="float" value="0.000000" />
								<attribute name="fogenable" type="bool" value="0" />
								<attribute name="fogfar" type="float" value="5000.000000" />
								<attribute name="0x034179DF" type="int" value="0" />
								<attribute name="fognear" type="float" value="0.000000" />
								<attribute name="0x05E4F468" type="int" value="2" />
								<attribute name="fov" type="float" value="60.000000" />
								<attribute name="0x055BB8E3" type="bool" value="0" />
								<attribute name="0x07C50A18" type="float" value="0.000000" />
								<attribute name="0x07C60A57" type="float" value="0.000000" />
								<attribute name="0x07C70A96" type="float" value="0.000000" />
								<attribute name="orientation" type="int" value="0" />
								<attribute name="orthographic" type="bool" value="0" />
								<attribute name="pivot.x" type="float" value="0.000000" />
								<attribute name="pivot.y" type="float" value="0.000000" />
								<attribute name="pivot.z" type="float" value="0.000000" />
								<attribute name="position.x" type="float" value="0.000000" />
								<attribute name="position.y" type="float" value="0.000000" />
								<attribute name="position.z" type="float" value="-600.000000" />
								<attribute name="0x03972110" type="float" value="0.000000" />
								<attribute name="0x0398214F" type="float" value="0.000000" />
								<attribute name="0x0399218E" type="float" value="0.000000" />
								<attribute name="0x042455BC" type="int" value="1" />
								<attribute name="rotation.x" type="float" value="0.000000" />
								<attribute name="rotation.y" type="float" value="0.000000" />
								<attribute name="rotation.z" type="float" value="0.000000" />
								<attribute name="rotationorder" type="int" value="4" />
								<attribute name="0x051A161B" type="float" value="0.000000" />
								<attribute name="0x051B165A" type="float" value="0.000000" />
								<attribute name="0x051C1699" type="float" value="0.000000" />
								<attribute name="scale.x" type="float" value="1.000000" />
								<attribute name="scale.y" type="float" value="1.000000" />
								<attribute name="scale.z" type="float" value="1.000000" />
								<attribute name="0x0793DEB3" type="bool" value="0" />
								<attribute name="timeoffset" type="int" value="0" />
							</attributes>
						</element>
						<element index="5" id="AK5" name="gameover" type="dummy" large="1">
							<slides>
								<slide name="Master Slide" flags="9" starttime="0" endtime="1000">
									<affected_elements>
										<element_settings index="5" name="gameover" activate="0" />
										<element_settings index="6" name="gameover_a" activate="0">
											<attributes>
												<attribute name="position.x" type="float" value="0.000000" />
												<attribute name="position.y" type="float" value="0.000000" />
												<attribute name="position.z" type="float" value="0.000000" />
											</attributes>
											<animations>
												<animation index="0" activate="0" />
												<animation index="1" activate="0" />
												<animation index="2" activate="0" />
												<animation index="3" activate="0" />
												<animation index="4" activate="0" />
												<animation index="5" activate="0" />
											</animations>
										</element_settings>
										<element_settings index="7" activate="0" />
										<element_settings index="8" name="game_over_2_diff" activate="0" />
										<element_settings index="9" name="gameover_b" activate="0">
											<attributes>
												<attribute name="position.x" type="float" value="0.000000" />
												<attribute name="position.y" type="float" value="0.000000" />
												<attribute name="position.z" type="float" value="-1.000000" />
											</attributes>
											<animations>
												<animation index="6" activate="0" />
												<animation index="7" activate="0" />
												<animation index="8" activate="0" />
												<animation index="9" activate="0" />
												<animation index="10" activate="0" />
												<animation index="11" activate="0" />
											</animations>
										</element_settings>
										<element_settings index="10" activate="0" />
										<element_settings index="11" name="game_over_2_diff" activate="0" />
										<element_settings index="12" name="gameover_c" activate="0">
											<attributes>
												<attribute name="position.x" type="float" value="0.000000" />
												<attribute name="position.y" type="float" value="0.000000" />
												<attribute name="position.z" type="float" value="-3.000000" />
											</attributes>
											<animations>
												<animation index="12" activate="0" />
												<animation index="13" activate="0" />
												<animation index="14" activate="0" />
												<animation index="15" activate="0" />
												<animation index="16" activate="0" />
												<animation index="17" activate="0" />
											</animations>
										</element_settings>
										<element_settings index="13" activate="0" />
										<element_settings index="14" name="game_over_2_diff" activate="0" />
										<element_settings index="15" name="gameover_d" activate="0">
											<attributes>
												<attribute name="position.x" type="float" value="0.000000" />
												<attribute name="position.y" type="float" value="0.000000" />
												<attribute name="position.z" type="float" value="-4.000000" />
											</attributes>
											<animations>
												<animation index="18" activate="0" />
												<animation index="19" activate="0" />
												<animation index="20" activate="0" />
												<animation index="21" activate="0" />
												<animation index="22" activate="0" />
												<animation index="23" activate="0" />
											</animations>
										</element_settings>
										<element_settings index="16" activate="0" />
										<element_settings index="17" name="game_over_2_diff" activate="0" />
										<element_settings index="18" name="game_over_solid_diff" activate="0">
											<attributes>
												<attribute name="opacity" type="float" value="100.000000" />
											</attributes>
											<animations>
												<animation index="24" activate="0" />
											</animations>
										</element_settings>
										<element_settings index="19" name="Material283" activate="0" />
										<element_settings index="20" name="game_over_solid_diff" activate="0" />
									</affected_elements>
								</slide>
								<slide name="active" flags="9" starttime="0" endtime="1000">
									<affected_elements>
										<element_settings index="5" name="gameover" activate="1" />
										<element_settings index="6" name="gameover_a" activate="1">
											<attributes>
												<attribute name="position.x" type="float" value="0.000000" />
												<attribute name="position.y" type="float" value="0.000000" />
												<attribute name="position.z" type="float" value="-610.000000" />
											</attributes>
											<animations>
												<animation index="0" activate="0" />
												<animation index="1" activate="0" />
												<animation index="2" activate="0" />
												<animation index="3" activate="1" />
												<animation index="4" activate="1" />
												<animation index="5" activate="1" />
											</animations>
										</element_settings>
										<element_settings index="7" activate="1" />
										<element_settings index="8" name="game_over_2_diff" activate="1" />
										<element_settings index="9" name="gameover_b" activate="1">
											<attributes>
												<attribute name="position.x" type="float" value="0.000000" />
												<attribute name="position.y" type="float" value="0.000000" />
												<attribute name="position.z" type="float" value="-661.000000" />
											</attributes>
											<animations>
												<animation index="6" activate="0" />
												<animation index="7" activate="0" />
												<animation index="8" activate="0" />
												<animation index="9" activate="1" />
												<animation index="10" activate="1" />
												<animation index="11" activate="1" />
											</animations>
										</element_settings>
										<element_settings index="10" activate="1" />
										<element_settings index="11" name="game_over_2_diff" activate="1" />
										<element_settings index="12" name="gameover_c" activate="1">
											<attributes>
												<attribute name="position.x" type="float" value="0.000000" />
												<attribute name="position.y" type="float" value="0.000000" />
												<attribute name="position.z" type="float" value="-713.000000" />
											</attributes>
											<animations>
												<animation index="12" activate="0" />
												<animation index="13" activate="0" />
												<animation index="14" activate="0" />
												<animation index="15" activate="1" />
												<animation index="16" activate="1" />
												<animation index="17" activate="1" />
											</animations>
										</element_settings>
										<element_settings index="13" activate="1" />
										<element_settings index="14" name="game_over_2_diff" activate="1" />
										<element_settings index="15" name="gameover_d" activate="1">
											<attributes>
												<attribute name="position.x" type="float" value="0.000000" />
												<attribute name="position.y" type="float" value="0.000000" />
												<attribute name="position.z" type="float" value="-764.000000" />
											</attributes>
											<animations>
												<animation index="18" activate="0" />
												<animation index="19" activate="0" />
												<animation index="20" activate="0" />
												<animation index="21" activate="1" />
												<animation index="22" activate="1" />
												<animation index="23" activate="1" />
											</animations>
										</element_settings>
										<element_settings index="16" activate="1" />
										<element_settings index="17" name="game_over_2_diff" activate="1" />
										<element_settings index="18" name="game_over_solid_diff" activate="1">
											<attributes>
												<attribute name="opacity" type="float" value="0.000000" />
											</attributes>
											<animations>
												<animation index="24" activate="1" />
											</animations>
										</element_settings>
										<element_settings index="19" name="Material283" activate="1" />
										<element_settings index="20" name="game_over_solid_diff" activate="1" />
									</affected_elements>
								</slide>
							</slides>
							<elements>
								<element index="6" id="AK6" name="gameover_a" type="geometry" large="0">
									<attributes>
										<attribute name="endtime" type="int" value="1000" />
										<attribute name="position.x" type="float" value="0.000000" />
										<attribute name="position.y" type="float" value="0.000000" />
										<attribute name="position.z" type="float" value="0.000000" />
										<attribute name="timeoffset" type="int" value="0" />
									</attributes>
									<animations>
										<animation index="0" attribute="position.x" enabled="1" allow_runtime_adjustment="0">
											<keyframes>
												<keyframe time="0" p0="0.000000" p1="0.000000" p2="0.000000" />
												<keyframe time="1000" p0="0.000000" p1="-1.000000" p2="-1.000000" />
											</keyframes>
										</animation>
										<animation index="1" attribute="position.y" enabled="1" allow_runtime_adjustment="0">
											<keyframes>
												<keyframe time="0" p0="0.000000" p1="0.000000" p2="0.000000" />
												<keyframe time="1000" p0="0.000000" p1="-1.000000" p2="-1.000000" />
											</keyframes>
										</animation>
										<animation index="2" attribute="position.z" enabled="1" allow_runtime_adjustment="0">
											<keyframes>
												<keyframe time="0" p0="-609.000000" p1="-406.000000" p2="0.000000" />
												<keyframe time="1000" p0="0.000000" p1="-1.000000" p2="-1.000000" />
											</keyframes>
										</animation>
										<animation index="3" attribute="position.x" enabled="1" allow_runtime_adjustment="0">
											<keyframes>
												<keyframe time="0" p0="0.000000" p1="0.000000" p2="0.000000" />
												<keyframe time="1000" p0="0.000000" p1="-1.000000" p2="-1.000000" />
											</keyframes>
										</animation>
										<animation index="4" attribute="position.y" enabled="1" allow_runtime_adjustment="0">
											<keyframes>
												<keyframe time="0" p0="0.000000" p1="0.000000" p2="0.000000" />
												<keyframe time="1000" p0="0.000000" p1="-1.000000" p2="-1.000000" />
											</keyframes>
										</animation>
										<animation index="5" attribute="position.z" enabled="1" allow_runtime_adjustment="0">
											<keyframes>
												<keyframe time="0" p0="-610.000000" p1="-406.666656" p2="-203.333313" />
												<keyframe time="1000" p0="0.000000" p1="-1.000000" p2="-1.000000" />
											</keyframes>
										</animation>
									</animations>
									<elements>
										<element index="7" id="AK11" type="material" large="0">
											<elements>
												<element index="8" id="AK12" name="game_over_2_diff" type="texture" large="0" />
											</elements>
										</element>
									</elements>
								</element>
								<element index="9" id="AK13" name="gameover_b" type="geometry" large="0">
									<attributes>
										<attribute name="endtime" type="int" value="1000" />
										<attribute name="position.x" type="float" value="0.000000" />
										<attribute name="position.y" type="float" value="0.000000" />
										<attribute name="position.z" type="float" value="-1.000000" />
										<attribute name="timeoffset" type="int" value="0" />
									</attributes>
									<animations>
										<animation index="6" attribute="position.x" enabled="1" allow_runtime_adjustment="0">
											<keyframes>
												<keyframe time="0" p0="0.000000" p1="0.000000" p2="0.000000" />
												<keyframe time="1000" p0="0.000000" p1="-1.000000" p2="-1.000000" />
											</keyframes>
										</animation>
										<animation index="7" attribute="position.y" enabled="1" allow_runtime_adjustment="0">
											<keyframes>
												<keyframe time="0" p0="0.000000" p1="0.000000" p2="0.000000" />
												<keyframe time="1000" p0="0.000000" p1="-1.000000" p2="-1.000000" />
											</keyframes>
										</animation>
										<animation index="8" attribute="position.z" enabled="1" allow_runtime_adjustment="0">
											<keyframes>
												<keyframe time="0" p0="-659.000000" p1="-439.666656" p2="-1.000000" />
												<keyframe time="1000" p0="-1.000000" p1="-1.000000" p2="-1.000000" />
											</keyframes>
										</animation>
										<animation index="9" attribute="position.x" enabled="1" allow_runtime_adjustment="0">
											<keyframes>
												<keyframe time="0" p0="0.000000" p1="0.000000" p2="0.000000" />
												<keyframe time="1000" p0="0.000000" p1="-1.000000" p2="-1.000000" />
											</keyframes>
										</animation>
										<animation index="10" attribute="position.y" enabled="1" allow_runtime_adjustment="0">
											<keyframes>
												<keyframe time="0" p0="0.000000" p1="0.000000" p2="0.000000" />
												<keyframe time="1000" p0="0.000000" p1="-1.000000" p2="-1.000000" />
											</keyframes>
										</animation>
										<animation index="11" attribute="position.z" enabled="1" allow_runtime_adjustment="0">
											<keyframes>
												<keyframe time="0" p0="-661.000000" p1="-441.000000" p2="-221.000000" />
												<keyframe time="1000" p0="-1.000000" p1="-1.000000" p2="-1.000000" />
											</keyframes>
										</animation>
									</animations>
									<elements>
										<element index="10" id="AK16" type="material" large="0">
											<elements>
												<element index="11" id="AK17" name="game_over_2_diff" type="texture" large="0" />
											</elements>
										</element>
									</elements>
								</element>
								<element index="12" id="AK18" name="gameover_c" type="geometry" large="0">
									<attributes>
										<attribute name="endtime" type="int" value="1000" />
										<attribute name="position.x" type="float" value="0.000000" />
										<attribute name="position.y" type="float" value="0.000000" />
										<attribute name="position.z" type="float" value="-3.000000" />
										<attribute name="timeoffset" type="int" value="0" />
									</attributes>
									<animations>
										<animation index="12" attribute="position.x" enabled="1" allow_runtime_adjustment="0">
											<keyframes>
												<keyframe time="0" p0="0.000000" p1="0.000000" p2="0.000000" />
												<keyframe time="1000" p0="0.000000" p1="-1.000000" p2="-1.000000" />
											</keyframes>
										</animation>
										<animation index="13" attribute="position.y" enabled="1" allow_runtime_adjustment="0">
											<keyframes>
												<keyframe time="0" p0="0.000000" p1="0.000000" p2="0.000000" />
												<keyframe time="1000" p0="0.000000" p1="-1.000000" p2="-1.000000" />
											</keyframes>
										</animation>
										<animation index="14" attribute="position.z" enabled="1" allow_runtime_adjustment="0">
											<keyframes>
												<keyframe time="0" p0="-709.000000" p1="-473.666656" p2="-3.000000" />
												<keyframe time="1000" p0="-3.000000" p1="-1.000000" p2="-1.000000" />
											</keyframes>
										</animation>
										<animation index="15" attribute="position.x" enabled="1" allow_runtime_adjustment="0">
											<keyframes>
												<keyframe time="0" p0="0.000000" p1="0.000000" p2="0.000000" />
												<keyframe time="1000" p0="0.000000" p1="-1.000000" p2="-1.000000" />
											</keyframes>
										</animation>
										<animation index="16" attribute="position.y" enabled="1" allow_runtime_adjustment="0">
											<keyframes>
												<keyframe time="0" p0="0.000000" p1="0.000000" p2="0.000000" />
												<keyframe time="1000" p0="0.000000" p1="-1.000000" p2="-1.000000" />
											</keyframes>
										</animation>
										<animation index="17" attribute="position.z" enabled="1" allow_runtime_adjustment="0">
											<keyframes>
												<keyframe time="0" p0="-713.000000" p1="-476.000000" p2="-239.000000" />
												<keyframe time="1000" p0="-2.000000" p1="-1.000000" p2="-1.000000" />
											</keyframes>
										</animation>
									</animations>
									<elements>
										<element index="13" id="AK21" type="material" large="0">
											<elements>
												<element index="14" id="AK22" name="game_over_2_diff" type="texture" large="0" />
											</elements>
										</element>
									</elements>
								</element>
								<element index="15" id="AK23" name="gameover_d" type="geometry" large="0">
									<attributes>
										<attribute name="endtime" type="int" value="1000" />
										<attribute name="position.x" type="float" value="0.000000" />
										<attribute name="position.y" type="float" value="0.000000" />
										<attribute name="position.z" type="float" value="-4.000000" />
										<attribute name="timeoffset" type="int" value="0" />
									</attributes>
									<animations>
										<animation index="18" attribute="position.x" enabled="1" allow_runtime_adjustment="0">
											<keyframes>
												<keyframe time="0" p0="0.000000" p1="0.000000" p2="0.000000" />
												<keyframe time="1000" p0="0.000000" p1="-1.000000" p2="-1.000000" />
											</keyframes>
										</animation>
										<animation index="19" attribute="position.y" enabled="1" allow_runtime_adjustment="0">
											<keyframes>
												<keyframe time="0" p0="0.000000" p1="0.000000" p2="0.000000" />
												<keyframe time="1000" p0="0.000000" p1="-1.000000" p2="-1.000000" />
											</keyframes>
										</animation>
										<animation index="20" attribute="position.z" enabled="1" allow_runtime_adjustment="0">
											<keyframes>
												<keyframe time="0" p0="-758.000000" p1="-506.666656" p2="-4.000000" />
												<keyframe time="1000" p0="-4.000000" p1="-1.000000" p2="-1.000000" />
											</keyframes>
										</animation>
										<animation index="21" attribute="position.x" enabled="1" allow_runtime_adjustment="0">
											<keyframes>
												<keyframe time="0" p0="0.000000" p1="0.000000" p2="0.000000" />
												<keyframe time="1000" p0="0.000000" p1="-1.000000" p2="-1.000000" />
											</keyframes>
										</animation>
										<animation index="22" attribute="position.y" enabled="1" allow_runtime_adjustment="0">
											<keyframes>
												<keyframe time="0" p0="0.000000" p1="0.000000" p2="0.000000" />
												<keyframe time="1000" p0="0.000000" p1="-1.000000" p2="-1.000000" />
											</keyframes>
										</animation>
										<animation index="23" attribute="position.z" enabled="1" allow_runtime_adjustment="0">
											<keyframes>
												<keyframe time="0" p0="-764.000000" p1="-510.333191" p2="-256.666656" />
												<keyframe time="1000" p0="-3.000000" p1="-1.000000" p2="-1.000000" />
											</keyframes>
										</animation>
									</animations>
									<elements>
										<element index="16" id="AK26" type="material" large="0">
											<elements>
												<element index="17" id="AK27" name="game_over_2_diff" type="texture" large="0" />
											</elements>
										</element>
									</elements>
								</element>
								<element index="18" id="AK28" name="game_over_solid_diff" type="geometry" large="0">
									<attributes>
										<attribute name="endtime" type="int" value="1000" />
										<attribute name="opacity" type="float" value="100.000000" />
										<attribute name="timeoffset" type="int" value="0" />
									</attributes>
									<animations>
										<animation index="24" attribute="opacity" enabled="1" allow_runtime_adjustment="0">
											<keyframes>
												<keyframe time="500" p0="0.000000" p1="33.333336" p2="66.666672" />
												<keyframe time="1000" p0="100.000000" p1="-1.000000" p2="-1.000000" />
											</keyframes>
										</animation>
									</animations>
									<elements>
										<element index="19" id="AK33" name="Material283" type="material" large="0">
											<elements>
												<element index="20" id="AK34" name="game_over_solid_diff" type="texture" large="0" />
											</elements>
										</element>
									</elements>
								</element>
							</elements>
						</element>
					</elements>
				</element>
			</elements>
		</element>
	</elements>
</presentation>
