<?xml version="1.0"?>
<presentation>
	<elements>
		<element index="0" id="AK1" name="Scene" type="dummy" large="1">
			<slides>
				<slide name="Master Slide" flags="0" starttime="0" endtime="10000">
					<affected_elements>
						<element_settings index="0" name="Scene" activate="0" />
						<element_settings index="1" activate="0" />
						<element_settings index="2" name="infobar" activate="0" />
						<element_settings index="3" name="Layer" activate="0" />
						<element_settings index="4" name="Camera" activate="0" />
						<element_settings index="5" name="infobar" activate="0" />
					</affected_elements>
				</slide>
				<slide name="Slide1" flags="13" starttime="0" endtime="10000">
					<affected_elements>
						<element_settings index="0" name="Scene" activate="1" />
						<element_settings index="1" activate="1" />
						<element_settings index="2" name="infobar" activate="1" />
						<element_settings index="3" name="Layer" activate="1" />
						<element_settings index="4" name="Camera" activate="1" />
						<element_settings index="5" name="infobar" activate="1" />
					</affected_elements>
				</slide>
			</slides>
			<elements>
				<element index="1" type="contract" large="0">
					<attributes>
						<attribute name="endtime" type="int" value="10000" />
						<attribute name="timeoffset" type="int" value="0" />
						<attribute name="AKCustomObjType" type="string" value="contract" />
						<attribute name="0x073F25FB" type="bool" value="1" />
						<attribute name="0x04A9EC63" type="string" value="UIContract" />
					</attributes>
					<events>
						<event name="onUp" />
						<event name="onDown" />
						<event name="onLeft" />
						<event name="onRight" />
						<event name="onSelect" />
						<event name="onBack" />
						<event name="onKeyDown" />
					</events>
				</element>
				<element index="2" name="infobar" type="contract" large="0">
					<attributes>
						<attribute name="endtime" type="int" value="10000" />
						<attribute name="timeoffset" type="int" value="0" />
						<attribute name="BehaviorScripts" type="string" value="infobar.lua" />
					</attributes>
				</element>
				<element index="3" id="AK2" name="Layer" type="geometry" large="0">
					<attributes>
						<attribute name="endtime" type="int" value="10000" />
						<attribute name="timeoffset" type="int" value="0" />
						<attribute name="transparent" type="bool" value="0" />
						<attribute name="renderpriority" type="int" value="50" />
						<attribute name="rendertarget" type="string" value="" />
						<attribute name="renderbehindcockpit" type="bool" value="0" />
						<attribute name="mousepicking" type="bool" value="0" />
						<attribute name="rendergroupidentifier" type="int" value="0" />
					</attributes>
					<elements>
						<element index="4" id="AK4" name="Camera" type="camera" large="0">
							<attributes>
								<attribute name="clipfar" type="float" value="5000.000000" />
								<attribute name="clipnear" type="float" value="5.000000" />
								<attribute name="endtime" type="int" value="10000" />
								<attribute name="fogcolor.r" type="float" value="0.000000" />
								<attribute name="fogcolor.g" type="float" value="0.000000" />
								<attribute name="fogcolor.b" type="float" value="0.000000" />
								<attribute name="fogcolor.a" type="float" value="0.000000" />
								<attribute name="fogenable" type="bool" value="0" />
								<attribute name="fogfar" type="float" value="5000.000000" />
								<attribute name="0x034179DF" type="int" value="0" />
								<attribute name="fognear" type="float" value="0.000000" />
								<attribute name="0x05E4F468" type="int" value="2" />
								<attribute name="fov" type="float" value="56.820000" />
								<attribute name="0x055BB8E3" type="bool" value="0" />
								<attribute name="0x07C50A18" type="float" value="0.000000" />
								<attribute name="0x07C60A57" type="float" value="0.000000" />
								<attribute name="0x07C70A96" type="float" value="0.000000" />
								<attribute name="orientation" type="int" value="0" />
								<attribute name="orthographic" type="bool" value="0" />
								<attribute name="pivot.x" type="float" value="0.000000" />
								<attribute name="pivot.y" type="float" value="0.000000" />
								<attribute name="pivot.z" type="float" value="0.000000" />
								<attribute name="position.x" type="float" value="0.000000" />
								<attribute name="position.y" type="float" value="0.000000" />
								<attribute name="position.z" type="float" value="-600.000000" />
								<attribute name="0x03972110" type="float" value="0.000000" />
								<attribute name="0x0398214F" type="float" value="0.000000" />
								<attribute name="0x0399218E" type="float" value="0.000000" />
								<attribute name="0x042455BC" type="int" value="1" />
								<attribute name="rotation.x" type="float" value="0.000000" />
								<attribute name="rotation.y" type="float" value="0.000000" />
								<attribute name="rotation.z" type="float" value="0.000000" />
								<attribute name="rotationorder" type="int" value="4" />
								<attribute name="0x051A161B" type="float" value="0.000000" />
								<attribute name="0x051B165A" type="float" value="0.000000" />
								<attribute name="0x051C1699" type="float" value="0.000000" />
								<attribute name="scale.x" type="float" value="1.000000" />
								<attribute name="scale.y" type="float" value="1.000000" />
								<attribute name="scale.z" type="float" value="1.000000" />
								<attribute name="0x0793DEB3" type="bool" value="0" />
								<attribute name="timeoffset" type="int" value="0" />
							</attributes>
						</element>
						<element index="5" id="AK5" name="infobar" type="dummy" large="1">
							<slides>
								<slide name="Master Slide" flags="9" starttime="0" endtime="10000">
									<affected_elements>
										<element_settings index="5" name="infobar" activate="0" />
										<element_settings index="6" name="Text" activate="0" />
									</affected_elements>
								</slide>
								<slide name="inactive" flags="9" starttime="0" endtime="10000">
									<affected_elements>
										<element_settings index="5" name="infobar" activate="1" />
										<element_settings index="6" name="Text" activate="0" />
									</affected_elements>
								</slide>
								<slide name="active" flags="9" starttime="0" endtime="10000">
									<affected_elements>
										<element_settings index="5" name="infobar" activate="1" />
										<element_settings index="6" name="Text" activate="1" />
									</affected_elements>
								</slide>
							</slides>
							<elements>
								<element index="6" id="AK6" name="Text" type="text" large="0">
									<attributes>
										<attribute name="backcolor.r" type="float" value="0.000000" />
										<attribute name="backcolor.g" type="float" value="0.000000" />
										<attribute name="backcolor.b" type="float" value="0.000000" />
										<attribute name="backcolor.a" type="float" value="255.000000" />
										<attribute name="boxheight" type="float" value="0.250000" />
										<attribute name="boxwidth" type="float" value="0.250000" />
										<attribute name="endtime" type="int" value="10000" />
										<attribute name="font" type="string" value="zekton outlined" />
										<attribute name="horzalign" type="int" value="1" />
										<attribute name="horzscroll" type="float" value="0.000000" />
										<attribute name="leading" type="float" value="0.000000" />
										<attribute name="opacity" type="float" value="100.000000" />
										<attribute name="orientation" type="int" value="0" />
										<attribute name="pivot.x" type="float" value="0.000000" />
										<attribute name="pivot.y" type="float" value="0.000000" />
										<attribute name="pivot.z" type="float" value="0.000000" />
										<attribute name="position.x" type="float" value="-12.917200" />
										<attribute name="position.y" type="float" value="-261.053009" />
										<attribute name="position.z" type="float" value="-4.000000" />
										<attribute name="0x03972110" type="float" value="0.000000" />
										<attribute name="0x0398214F" type="float" value="0.000000" />
										<attribute name="0x0399218E" type="float" value="0.000000" />
										<attribute name="0x042455BC" type="int" value="1" />
										<attribute name="renderstyle" type="int" value="2" />
										<attribute name="rotation.x" type="float" value="0.000000" />
										<attribute name="rotation.y" type="float" value="0.000000" />
										<attribute name="rotation.z" type="float" value="0.000000" />
										<attribute name="rotationorder" type="int" value="4" />
										<attribute name="0x051A161B" type="float" value="0.000000" />
										<attribute name="0x051B165A" type="float" value="0.000000" />
										<attribute name="0x051C1699" type="float" value="0.000000" />
										<attribute name="scale.x" type="float" value="1.000000" />
										<attribute name="scale.y" type="float" value="1.000000" />
										<attribute name="scale.z" type="float" value="1.000000" />
										<attribute name="size" type="float" value="10.000000" />
										<attribute name="textcolor.r" type="float" value="255.000000" />
										<attribute name="textcolor.g" type="float" value="255.000000" />
										<attribute name="textcolor.b" type="float" value="255.000000" />
										<attribute name="textcolor.a" type="float" value="255.000000" />
										<attribute name="textstring" type="string" value="defend the station" />
										<attribute name="texttype" type="int" value="0" />
										<attribute name="0x0793DEB3" type="bool" value="0" />
										<attribute name="timeoffset" type="int" value="0" />
										<attribute name="tracking" type="float" value="0.000000" />
										<attribute name="usebackcolor" type="bool" value="0" />
										<attribute name="vertalign" type="int" value="1" />
										<attribute name="vertscroll" type="float" value="0.000000" />
										<attribute name="wordwrap" type="bool" value="1" />
									</attributes>
								</element>
							</elements>
						</element>
					</elements>
				</element>
			</elements>
		</element>
	</elements>
</presentation>
