<?xml version="1.0"?>
<presentation>
	<elements>
		<element index="0" id="AK1" name="Scene" type="dummy" large="1">
			<slides>
				<slide name="Master Slide" flags="0" starttime="0" endtime="1000">
					<affected_elements>
						<element_settings index="0" name="Scene" activate="0" />
						<element_settings index="1" activate="0" />
						<element_settings index="2" name="loading" activate="0" />
						<element_settings index="3" name="Layer" activate="0" />
						<element_settings index="4" name="Camera" activate="0" />
						<element_settings index="5" name="Text" activate="0" />
						<element_settings index="6" name="ProgressText" activate="0" />
						<element_settings index="7" name="Percentage" activate="0" />
						<element_settings index="8" name="bar" activate="0" />
						<element_settings index="13" name="title_menu_loading_background2" activate="0" />
						<element_settings index="14" name="Material178" activate="0" />
						<element_settings index="15" name="loading" activate="0" />
						<element_settings index="16" name="title_menu_loading_ring" activate="0">
							<attributes>
								<attribute name="rotation.x" type="float" value="0.000000" />
								<attribute name="rotation.y" type="float" value="0.000000" />
								<attribute name="rotation.z" type="float" value="0.000000" />
							</attributes>
							<animations>
								<animation index="3" activate="0" />
								<animation index="4" activate="0" />
								<animation index="5" activate="0" />
							</animations>
						</element_settings>
						<element_settings index="17" name="Material247" activate="0" />
						<element_settings index="18" name="title_menu_loading_ring" activate="0" />
						<element_settings index="19" name="title_menu_loading_ring2" activate="0">
							<attributes>
								<attribute name="rotation.x" type="float" value="0.000000" />
								<attribute name="rotation.y" type="float" value="0.000000" />
								<attribute name="rotation.z" type="float" value="0.000000" />
							</attributes>
							<animations>
								<animation index="6" activate="0" />
								<animation index="7" activate="0" />
								<animation index="8" activate="0" />
							</animations>
						</element_settings>
						<element_settings index="20" name="Material258" activate="0" />
						<element_settings index="21" name="title_menu_loading_ring2" activate="0" />
					</affected_elements>
				</slide>
				<slide name="Slide1" flags="0" starttime="0" endtime="1000">
					<affected_elements>
						<element_settings index="0" name="Scene" activate="1" />
						<element_settings index="1" activate="1" />
						<element_settings index="2" name="loading" activate="1" />
						<element_settings index="3" name="Layer" activate="1" />
						<element_settings index="4" name="Camera" activate="1" />
						<element_settings index="5" name="Text" activate="1" />
						<element_settings index="6" name="ProgressText" activate="1" />
						<element_settings index="7" name="Percentage" activate="1" />
						<element_settings index="8" name="bar" activate="1" />
						<element_settings index="13" name="title_menu_loading_background2" activate="1" />
						<element_settings index="14" name="Material178" activate="1" />
						<element_settings index="15" name="loading" activate="1" />
						<element_settings index="16" name="title_menu_loading_ring" activate="1">
							<attributes>
								<attribute name="rotation.x" type="float" value="0.000000" />
								<attribute name="rotation.y" type="float" value="0.000000" />
								<attribute name="rotation.z" type="float" value="0.000000" />
							</attributes>
							<animations>
								<animation index="3" activate="1" />
								<animation index="4" activate="1" />
								<animation index="5" activate="1" />
							</animations>
						</element_settings>
						<element_settings index="17" name="Material247" activate="1" />
						<element_settings index="18" name="title_menu_loading_ring" activate="1" />
						<element_settings index="19" name="title_menu_loading_ring2" activate="1">
							<attributes>
								<attribute name="rotation.x" type="float" value="0.000000" />
								<attribute name="rotation.y" type="float" value="0.000000" />
								<attribute name="rotation.z" type="float" value="0.000000" />
							</attributes>
							<animations>
								<animation index="6" activate="1" />
								<animation index="7" activate="1" />
								<animation index="8" activate="1" />
							</animations>
						</element_settings>
						<element_settings index="20" name="Material258" activate="1" />
						<element_settings index="21" name="title_menu_loading_ring2" activate="1" />
					</affected_elements>
				</slide>
			</slides>
			<elements>
				<element index="1" type="contract" large="0">
					<attributes>
						<attribute name="endtime" type="int" value="1000" />
						<attribute name="timeoffset" type="int" value="0" />
						<attribute name="AKCustomObjType" type="string" value="contract" />
						<attribute name="0x073F25FB" type="bool" value="1" />
						<attribute name="0x04A9EC63" type="string" value="UIContract" />
					</attributes>
					<events>
						<event name="onUp" />
						<event name="onDown" />
						<event name="onLeft" />
						<event name="onRight" />
						<event name="onSelect" />
						<event name="onBack" />
						<event name="onKeyDown" />
					</events>
				</element>
				<element index="2" name="loading" type="contract" large="0">
					<attributes>
						<attribute name="endtime" type="int" value="1000" />
						<attribute name="timeoffset" type="int" value="0" />
						<attribute name="BehaviorScripts" type="string" value="loading.lua" />
					</attributes>
				</element>
				<element index="3" id="AK2" name="Layer" type="geometry" large="0">
					<attributes>
						<attribute name="endtime" type="int" value="1000" />
						<attribute name="timeoffset" type="int" value="0" />
						<attribute name="transparent" type="bool" value="0" />
						<attribute name="renderpriority" type="int" value="0" />
						<attribute name="rendertarget" type="string" value="" />
						<attribute name="renderbehindcockpit" type="bool" value="0" />
						<attribute name="mousepicking" type="bool" value="0" />
						<attribute name="rendergroupidentifier" type="int" value="3" />
					</attributes>
					<elements>
						<element index="4" id="AK4" name="Camera" type="camera" large="0">
							<attributes>
								<attribute name="clipfar" type="float" value="5000.000000" />
								<attribute name="clipnear" type="float" value="5.000000" />
								<attribute name="endtime" type="int" value="1000" />
								<attribute name="fogcolor.r" type="float" value="0.000000" />
								<attribute name="fogcolor.g" type="float" value="0.000000" />
								<attribute name="fogcolor.b" type="float" value="0.000000" />
								<attribute name="fogcolor.a" type="float" value="0.000000" />
								<attribute name="fogenable" type="bool" value="0" />
								<attribute name="fogfar" type="float" value="5000.000000" />
								<attribute name="0x034179DF" type="int" value="0" />
								<attribute name="fognear" type="float" value="0.000000" />
								<attribute name="0x05E4F468" type="int" value="2" />
								<attribute name="fov" type="float" value="56.820000" />
								<attribute name="0x055BB8E3" type="bool" value="0" />
								<attribute name="0x07C50A18" type="float" value="0.000000" />
								<attribute name="0x07C60A57" type="float" value="0.000000" />
								<attribute name="0x07C70A96" type="float" value="0.000000" />
								<attribute name="orientation" type="int" value="0" />
								<attribute name="orthographic" type="bool" value="0" />
								<attribute name="pivot.x" type="float" value="0.000000" />
								<attribute name="pivot.y" type="float" value="0.000000" />
								<attribute name="pivot.z" type="float" value="0.000000" />
								<attribute name="position.x" type="float" value="0.000000" />
								<attribute name="position.y" type="float" value="0.000000" />
								<attribute name="position.z" type="float" value="-600.000000" />
								<attribute name="0x03972110" type="float" value="0.000000" />
								<attribute name="0x0398214F" type="float" value="0.000000" />
								<attribute name="0x0399218E" type="float" value="0.000000" />
								<attribute name="0x042455BC" type="int" value="1" />
								<attribute name="rotation.x" type="float" value="0.000000" />
								<attribute name="rotation.y" type="float" value="0.000000" />
								<attribute name="rotation.z" type="float" value="0.000000" />
								<attribute name="rotationorder" type="int" value="4" />
								<attribute name="0x051A161B" type="float" value="0.000000" />
								<attribute name="0x051B165A" type="float" value="0.000000" />
								<attribute name="0x051C1699" type="float" value="0.000000" />
								<attribute name="scale.x" type="float" value="1.000000" />
								<attribute name="scale.y" type="float" value="1.000000" />
								<attribute name="scale.z" type="float" value="1.000000" />
								<attribute name="0x0793DEB3" type="bool" value="0" />
								<attribute name="timeoffset" type="int" value="0" />
							</attributes>
						</element>
						<element index="5" id="AK5" name="Text" type="text" large="0">
							<attributes>
								<attribute name="backcolor.r" type="float" value="0.000000" />
								<attribute name="backcolor.g" type="float" value="0.000000" />
								<attribute name="backcolor.b" type="float" value="0.000000" />
								<attribute name="backcolor.a" type="float" value="255.000000" />
								<attribute name="boxheight" type="float" value="0.250000" />
								<attribute name="boxwidth" type="float" value="0.250000" />
								<attribute name="endtime" type="int" value="1000" />
								<attribute name="font" type="string" value="zekton" />
								<attribute name="horzalign" type="int" value="0" />
								<attribute name="horzscroll" type="float" value="0.000000" />
								<attribute name="leading" type="float" value="0.000000" />
								<attribute name="opacity" type="float" value="100.000000" />
								<attribute name="orientation" type="int" value="0" />
								<attribute name="pivot.x" type="float" value="0.000000" />
								<attribute name="pivot.y" type="float" value="0.000000" />
								<attribute name="pivot.z" type="float" value="0.000000" />
								<attribute name="position.x" type="float" value="-299.000000" />
								<attribute name="position.y" type="float" value="-236.000000" />
								<attribute name="position.z" type="float" value="0.000000" />
								<attribute name="0x03972110" type="float" value="0.000000" />
								<attribute name="0x0398214F" type="float" value="0.000000" />
								<attribute name="0x0399218E" type="float" value="0.000000" />
								<attribute name="0x042455BC" type="int" value="2" />
								<attribute name="renderstyle" type="int" value="2" />
								<attribute name="rotation.x" type="float" value="0.000000" />
								<attribute name="rotation.y" type="float" value="0.000000" />
								<attribute name="rotation.z" type="float" value="0.000000" />
								<attribute name="rotationorder" type="int" value="4" />
								<attribute name="0x051A161B" type="float" value="0.000000" />
								<attribute name="0x051B165A" type="float" value="0.000000" />
								<attribute name="0x051C1699" type="float" value="0.000000" />
								<attribute name="scale.x" type="float" value="1.000000" />
								<attribute name="scale.y" type="float" value="1.000000" />
								<attribute name="scale.z" type="float" value="1.000000" />
								<attribute name="size" type="float" value="12.000000" />
								<attribute name="textcolor.r" type="float" value="255.000000" />
								<attribute name="textcolor.g" type="float" value="255.000000" />
								<attribute name="textcolor.b" type="float" value="255.000000" />
								<attribute name="textcolor.a" type="float" value="255.000000" />
								<attribute name="textstring" type="string" value="Loading..." />
								<attribute name="texttype" type="int" value="0" />
								<attribute name="0x0793DEB3" type="bool" value="0" />
								<attribute name="timeoffset" type="int" value="0" />
								<attribute name="tracking" type="float" value="0.000000" />
								<attribute name="usebackcolor" type="bool" value="0" />
								<attribute name="vertalign" type="int" value="0" />
								<attribute name="vertscroll" type="float" value="0.000000" />
								<attribute name="wordwrap" type="bool" value="1" />
							</attributes>
						</element>
						<element index="6" id="AK6" name="ProgressText" type="text" large="0">
							<attributes>
								<attribute name="backcolor.r" type="float" value="0.000000" />
								<attribute name="backcolor.g" type="float" value="0.000000" />
								<attribute name="backcolor.b" type="float" value="0.000000" />
								<attribute name="backcolor.a" type="float" value="255.000000" />
								<attribute name="boxheight" type="float" value="0.250000" />
								<attribute name="boxwidth" type="float" value="0.583893" />
								<attribute name="endtime" type="int" value="1000" />
								<attribute name="font" type="string" value="zekton" />
								<attribute name="horzalign" type="int" value="0" />
								<attribute name="horzscroll" type="float" value="0.000000" />
								<attribute name="leading" type="float" value="0.000000" />
								<attribute name="opacity" type="float" value="100.000000" />
								<attribute name="orientation" type="int" value="0" />
								<attribute name="pivot.x" type="float" value="0.000000" />
								<attribute name="pivot.y" type="float" value="0.000000" />
								<attribute name="pivot.z" type="float" value="0.000000" />
								<attribute name="position.x" type="float" value="-298.998993" />
								<attribute name="position.y" type="float" value="-266.726990" />
								<attribute name="position.z" type="float" value="0.000000" />
								<attribute name="0x03972110" type="float" value="0.000000" />
								<attribute name="0x0398214F" type="float" value="0.000000" />
								<attribute name="0x0399218E" type="float" value="0.000000" />
								<attribute name="0x042455BC" type="int" value="3" />
								<attribute name="renderstyle" type="int" value="2" />
								<attribute name="rotation.x" type="float" value="0.000000" />
								<attribute name="rotation.y" type="float" value="0.000000" />
								<attribute name="rotation.z" type="float" value="0.000000" />
								<attribute name="rotationorder" type="int" value="4" />
								<attribute name="0x051A161B" type="float" value="0.000000" />
								<attribute name="0x051B165A" type="float" value="0.000000" />
								<attribute name="0x051C1699" type="float" value="0.000000" />
								<attribute name="scale.x" type="float" value="1.000000" />
								<attribute name="scale.y" type="float" value="1.000000" />
								<attribute name="scale.z" type="float" value="1.000000" />
								<attribute name="size" type="float" value="12.000000" />
								<attribute name="textcolor.r" type="float" value="255.000000" />
								<attribute name="textcolor.g" type="float" value="255.000000" />
								<attribute name="textcolor.b" type="float" value="255.000000" />
								<attribute name="textcolor.a" type="float" value="255.000000" />
								<attribute name="textstring" type="string" value="caching" />
								<attribute name="texttype" type="int" value="1" />
								<attribute name="0x0793DEB3" type="bool" value="0" />
								<attribute name="timeoffset" type="int" value="0" />
								<attribute name="tracking" type="float" value="0.000000" />
								<attribute name="usebackcolor" type="bool" value="0" />
								<attribute name="vertalign" type="int" value="0" />
								<attribute name="vertscroll" type="float" value="0.000000" />
								<attribute name="wordwrap" type="bool" value="1" />
							</attributes>
						</element>
						<element index="7" id="AK7" name="Percentage" type="text" large="0">
							<attributes>
								<attribute name="backcolor.r" type="float" value="0.000000" />
								<attribute name="backcolor.g" type="float" value="0.000000" />
								<attribute name="backcolor.b" type="float" value="0.000000" />
								<attribute name="backcolor.a" type="float" value="255.000000" />
								<attribute name="boxheight" type="float" value="0.250000" />
								<attribute name="boxwidth" type="float" value="0.250000" />
								<attribute name="endtime" type="int" value="1000" />
								<attribute name="font" type="string" value="zekton" />
								<attribute name="horzalign" type="int" value="0" />
								<attribute name="horzscroll" type="float" value="0.000000" />
								<attribute name="leading" type="float" value="0.000000" />
								<attribute name="opacity" type="float" value="100.000000" />
								<attribute name="orientation" type="int" value="0" />
								<attribute name="pivot.x" type="float" value="0.000000" />
								<attribute name="pivot.y" type="float" value="0.000000" />
								<attribute name="pivot.z" type="float" value="0.000000" />
								<attribute name="position.x" type="float" value="304.786011" />
								<attribute name="position.y" type="float" value="-253.296997" />
								<attribute name="position.z" type="float" value="0.000000" />
								<attribute name="0x03972110" type="float" value="0.000000" />
								<attribute name="0x0398214F" type="float" value="0.000000" />
								<attribute name="0x0399218E" type="float" value="0.000000" />
								<attribute name="0x042455BC" type="int" value="4" />
								<attribute name="renderstyle" type="int" value="2" />
								<attribute name="rotation.x" type="float" value="0.000000" />
								<attribute name="rotation.y" type="float" value="0.000000" />
								<attribute name="rotation.z" type="float" value="0.000000" />
								<attribute name="rotationorder" type="int" value="4" />
								<attribute name="0x051A161B" type="float" value="0.000000" />
								<attribute name="0x051B165A" type="float" value="0.000000" />
								<attribute name="0x051C1699" type="float" value="0.000000" />
								<attribute name="scale.x" type="float" value="1.000000" />
								<attribute name="scale.y" type="float" value="1.000000" />
								<attribute name="scale.z" type="float" value="1.000000" />
								<attribute name="size" type="float" value="12.000000" />
								<attribute name="textcolor.r" type="float" value="255.000000" />
								<attribute name="textcolor.g" type="float" value="255.000000" />
								<attribute name="textcolor.b" type="float" value="255.000000" />
								<attribute name="textcolor.a" type="float" value="255.000000" />
								<attribute name="textstring" type="string" value="100%" />
								<attribute name="texttype" type="int" value="0" />
								<attribute name="0x0793DEB3" type="bool" value="0" />
								<attribute name="timeoffset" type="int" value="0" />
								<attribute name="tracking" type="float" value="0.000000" />
								<attribute name="usebackcolor" type="bool" value="0" />
								<attribute name="vertalign" type="int" value="0" />
								<attribute name="vertscroll" type="float" value="0.000000" />
								<attribute name="wordwrap" type="bool" value="1" />
							</attributes>
						</element>
						<element index="8" id="AK8" name="bar" type="dummy" large="1">
							<slides>
								<slide name="Master Slide" flags="9" starttime="0" endtime="1000">
									<affected_elements>
										<element_settings index="8" name="bar" activate="0" />
										<element_settings index="9" name="background" activate="0" />
										<element_settings index="10" name="Material148" activate="0" />
										<element_settings index="11" name="loadingbar" activate="0">
											<attributes>
												<attribute name="scale.x" type="float" value="0.000000" />
												<attribute name="scale.y" type="float" value="0.070000" />
												<attribute name="scale.z" type="float" value="1.000000" />
											</attributes>
											<animations>
												<animation index="0" activate="0" />
												<animation index="1" activate="0" />
												<animation index="2" activate="0" />
											</animations>
										</element_settings>
										<element_settings index="12" name="Material148" activate="0" />
									</affected_elements>
								</slide>
								<slide name="Slide1" flags="13" starttime="0" endtime="1000">
									<affected_elements>
										<element_settings index="8" name="bar" activate="1" />
										<element_settings index="9" name="background" activate="1" />
										<element_settings index="10" name="Material148" activate="1" />
										<element_settings index="11" name="loadingbar" activate="1">
											<attributes>
												<attribute name="scale.x" type="float" value="0.000000" />
												<attribute name="scale.y" type="float" value="0.070000" />
												<attribute name="scale.z" type="float" value="1.000000" />
											</attributes>
											<animations>
												<animation index="0" activate="1" />
												<animation index="1" activate="1" />
												<animation index="2" activate="1" />
											</animations>
										</element_settings>
										<element_settings index="12" name="Material148" activate="1" />
									</affected_elements>
								</slide>
							</slides>
							<elements>
								<element index="9" id="AK9" name="background" type="geometry" large="0">
									<elements>
										<element index="10" id="AK14" name="Material148" type="material" large="0" />
									</elements>
								</element>
								<element index="11" id="AK15" name="loadingbar" type="geometry" large="0">
									<attributes>
										<attribute name="pivot.x" type="float" value="-50.000000" />
										<attribute name="pivot.y" type="float" value="0.000000" />
										<attribute name="pivot.z" type="float" value="0.000000" />
										<attribute name="position.x" type="float" value="-298.000000" />
										<attribute name="position.y" type="float" value="-65.000000" />
										<attribute name="position.z" type="float" value="-0.010000" />
										<attribute name="scale.x" type="float" value="0.000000" />
										<attribute name="scale.y" type="float" value="0.070000" />
										<attribute name="scale.z" type="float" value="1.000000" />
									</attributes>
									<animations>
										<animation index="0" attribute="scale.x" enabled="1" allow_runtime_adjustment="0">
											<keyframes>
												<keyframe time="0" p0="0.000000" p1="1.986667" p2="3.973333" />
												<keyframe time="1000" p0="5.960000" p1="-1.000000" p2="-1.000000" />
											</keyframes>
										</animation>
										<animation index="1" attribute="scale.y" enabled="1" allow_runtime_adjustment="0">
											<keyframes>
												<keyframe time="0" p0="0.070000" p1="0.070000" p2="0.070000" />
												<keyframe time="1000" p0="0.070000" p1="-1.000000" p2="-1.000000" />
											</keyframes>
										</animation>
										<animation index="2" attribute="scale.z" enabled="1" allow_runtime_adjustment="0">
											<keyframes>
												<keyframe time="0" p0="1.000000" p1="1.000000" p2="1.000000" />
												<keyframe time="1000" p0="1.000000" p1="-1.000000" p2="-1.000000" />
											</keyframes>
										</animation>
									</animations>
									<elements>
										<element index="12" id="AK18" name="Material148" type="material" large="0" />
									</elements>
								</element>
							</elements>
						</element>
						<element index="13" id="AK19" name="title_menu_loading_background2" type="geometry" large="0">
							<elements>
								<element index="14" id="AK24" name="Material178" type="material" large="0">
									<elements>
										<element index="15" id="AK25" name="loading" type="texture" large="0" />
									</elements>
								</element>
							</elements>
						</element>
						<element index="16" id="AK26" name="title_menu_loading_ring" type="geometry" large="0">
							<attributes>
								<attribute name="rotation.x" type="float" value="0.000000" />
								<attribute name="rotation.y" type="float" value="0.000000" />
								<attribute name="rotation.z" type="float" value="0.000000" />
							</attributes>
							<animations>
								<animation index="3" attribute="rotation.x" enabled="1" allow_runtime_adjustment="0">
									<keyframes>
										<keyframe time="0" p0="0.000000" p1="0.000000" p2="0.000000" />
										<keyframe time="1000" p0="0.000000" p1="-0.017453" p2="-0.017453" />
									</keyframes>
								</animation>
								<animation index="4" attribute="rotation.y" enabled="1" allow_runtime_adjustment="0">
									<keyframes>
										<keyframe time="0" p0="0.000000" p1="0.000000" p2="0.000000" />
										<keyframe time="1000" p0="0.000000" p1="-0.017453" p2="-0.017453" />
									</keyframes>
								</animation>
								<animation index="5" attribute="rotation.z" enabled="1" allow_runtime_adjustment="0">
									<keyframes>
										<keyframe time="0" p0="0.000000" p1="2.094395" p2="4.188790" />
										<keyframe time="1000" p0="6.283185" p1="-0.017453" p2="-0.017453" />
									</keyframes>
								</animation>
							</animations>
							<elements>
								<element index="17" id="AK31" name="Material247" type="material" large="0">
									<elements>
										<element index="18" id="AK32" name="title_menu_loading_ring" type="texture" large="0" />
									</elements>
								</element>
							</elements>
						</element>
						<element index="19" id="AK33" name="title_menu_loading_ring2" type="geometry" large="0">
							<attributes>
								<attribute name="rotation.x" type="float" value="0.000000" />
								<attribute name="rotation.y" type="float" value="0.000000" />
								<attribute name="rotation.z" type="float" value="0.000000" />
							</attributes>
							<animations>
								<animation index="6" attribute="rotation.x" enabled="1" allow_runtime_adjustment="0">
									<keyframes>
										<keyframe time="0" p0="0.000000" p1="0.000000" p2="0.000000" />
										<keyframe time="1000" p0="0.000000" p1="-0.017453" p2="-0.017453" />
									</keyframes>
								</animation>
								<animation index="7" attribute="rotation.y" enabled="1" allow_runtime_adjustment="0">
									<keyframes>
										<keyframe time="0" p0="0.000000" p1="0.000000" p2="0.000000" />
										<keyframe time="1000" p0="0.000000" p1="-0.017453" p2="-0.017453" />
									</keyframes>
								</animation>
								<animation index="8" attribute="rotation.z" enabled="1" allow_runtime_adjustment="0">
									<keyframes>
										<keyframe time="0" p0="0.000000" p1="4.188790" p2="8.377581" />
										<keyframe time="1000" p0="12.566371" p1="-0.017453" p2="-0.017453" />
									</keyframes>
								</animation>
							</animations>
							<elements>
								<element index="20" id="AK38" name="Material258" type="material" large="0">
									<elements>
										<element index="21" id="AK39" name="title_menu_loading_ring2" type="texture" large="0" />
									</elements>
								</element>
							</elements>
						</element>
					</elements>
				</element>
			</elements>
		</element>
	</elements>
</presentation>
