<?xml version="1.0"?>
<presentation>
	<elements>
		<element index="0" id="AK1" name="Scene" type="dummy" large="1">
			<slides>
				<slide name="Master Slide" flags="0" starttime="0" endtime="10000">
					<affected_elements>
						<element_settings index="0" name="Scene" activate="0" />
						<element_settings index="1" activate="0" />
						<element_settings index="2" activate="0" />
						<element_settings index="3" name="Layer" activate="0" />
						<element_settings index="4" name="Camera" activate="0" />
						<element_settings index="5" activate="0" />
					</affected_elements>
				</slide>
				<slide name="Slide1" flags="13" starttime="0" endtime="1000">
					<affected_elements>
						<element_settings index="0" name="Scene" activate="1" />
						<element_settings index="1" activate="1">
							<attributes>
								<attribute name="endtime" type="int" value="1000" />
							</attributes>
						</element_settings>
						<element_settings index="2" activate="1">
							<attributes>
								<attribute name="endtime" type="int" value="1000" />
							</attributes>
						</element_settings>
						<element_settings index="3" name="Layer" activate="1">
							<attributes>
								<attribute name="endtime" type="int" value="1000" />
							</attributes>
						</element_settings>
						<element_settings index="4" name="Camera" activate="1">
							<attributes>
								<attribute name="endtime" type="int" value="1000" />
							</attributes>
						</element_settings>
						<element_settings index="5" activate="1">
							<attributes>
								<attribute name="endtime" type="int" value="1000" />
							</attributes>
						</element_settings>
					</affected_elements>
				</slide>
			</slides>
			<elements>
				<element index="1" type="contract" large="0">
					<attributes>
						<attribute name="endtime" type="int" value="10000" />
						<attribute name="timeoffset" type="int" value="0" />
						<attribute name="AKCustomObjType" type="string" value="contract" />
						<attribute name="0x073F25FB" type="bool" value="1" />
						<attribute name="0x04A9EC63" type="string" value="UIContract" />
					</attributes>
					<events>
						<event name="onUp" />
						<event name="onDown" />
						<event name="onLeft" />
						<event name="onRight" />
						<event name="onSelect" />
						<event name="onBack" />
						<event name="onKeyDown" />
					</events>
				</element>
				<element index="2" type="contract" large="0">
					<attributes>
						<attribute name="endtime" type="int" value="10000" />
						<attribute name="timeoffset" type="int" value="0" />
						<attribute name="BehaviorScripts" type="string" value="missionobjective.lua" />
					</attributes>
				</element>
				<element index="3" id="AK2" name="Layer" type="geometry" large="0">
					<attributes>
						<attribute name="endtime" type="int" value="10000" />
						<attribute name="timeoffset" type="int" value="0" />
						<attribute name="transparent" type="bool" value="0" />
						<attribute name="renderpriority" type="int" value="50" />
						<attribute name="rendertarget" type="string" value="" />
						<attribute name="renderbehindcockpit" type="bool" value="0" />
						<attribute name="mousepicking" type="bool" value="0" />
						<attribute name="rendergroupidentifier" type="int" value="3" />
					</attributes>
					<elements>
						<element index="4" id="AK4" name="Camera" type="camera" large="0">
							<attributes>
								<attribute name="clipfar" type="float" value="5000.000000" />
								<attribute name="clipnear" type="float" value="5.000000" />
								<attribute name="endtime" type="int" value="10000" />
								<attribute name="fogcolor.r" type="float" value="0.000000" />
								<attribute name="fogcolor.g" type="float" value="0.000000" />
								<attribute name="fogcolor.b" type="float" value="0.000000" />
								<attribute name="fogcolor.a" type="float" value="0.000000" />
								<attribute name="fogenable" type="bool" value="0" />
								<attribute name="fogfar" type="float" value="5000.000000" />
								<attribute name="0x034179DF" type="int" value="0" />
								<attribute name="fognear" type="float" value="0.000000" />
								<attribute name="0x05E4F468" type="int" value="2" />
								<attribute name="fov" type="float" value="90.000000" />
								<attribute name="0x055BB8E3" type="bool" value="0" />
								<attribute name="0x07C50A18" type="float" value="0.000000" />
								<attribute name="0x07C60A57" type="float" value="0.000000" />
								<attribute name="0x07C70A96" type="float" value="0.000000" />
								<attribute name="orientation" type="int" value="0" />
								<attribute name="orthographic" type="bool" value="1" />
								<attribute name="pivot.x" type="float" value="0.000000" />
								<attribute name="pivot.y" type="float" value="0.000000" />
								<attribute name="pivot.z" type="float" value="0.000000" />
								<attribute name="position.x" type="float" value="0.000000" />
								<attribute name="position.y" type="float" value="0.000000" />
								<attribute name="position.z" type="float" value="-360.000000" />
								<attribute name="0x03972110" type="float" value="0.000000" />
								<attribute name="0x0398214F" type="float" value="0.000000" />
								<attribute name="0x0399218E" type="float" value="0.000000" />
								<attribute name="0x042455BC" type="int" value="1" />
								<attribute name="rotation.x" type="float" value="0.000000" />
								<attribute name="rotation.y" type="float" value="0.000000" />
								<attribute name="rotation.z" type="float" value="0.000000" />
								<attribute name="rotationorder" type="int" value="4" />
								<attribute name="0x051A161B" type="float" value="0.000000" />
								<attribute name="0x051B165A" type="float" value="0.000000" />
								<attribute name="0x051C1699" type="float" value="0.000000" />
								<attribute name="scale.x" type="float" value="1.000000" />
								<attribute name="scale.y" type="float" value="1.000000" />
								<attribute name="scale.z" type="float" value="1.000000" />
								<attribute name="0x0793DEB3" type="bool" value="0" />
								<attribute name="timeoffset" type="int" value="0" />
							</attributes>
						</element>
						<element index="5" id="AK5" type="dummy" large="1">
							<attributes>
								<attribute name="endtime" type="int" value="10000" />
								<attribute name="position.x" type="float" value="64.000000" />
								<attribute name="position.y" type="float" value="-161.000000" />
								<attribute name="position.z" type="float" value="0.000000" />
							</attributes>
							<slides>
								<slide name="Master Slide" flags="9" starttime="0" endtime="10000">
									<affected_elements>
										<element_settings index="5" activate="0" />
										<element_settings index="6" name="Group" activate="0" />
										<element_settings index="7" name="bar" activate="0">
											<attributes>
												<attribute name="opacity" type="float" value="100.000000" />
											</attributes>
											<animations>
												<animation index="0" activate="0" />
												<animation index="1" activate="0" />
											</animations>
										</element_settings>
										<element_settings index="14" name="flash" activate="0">
											<attributes>
												<attribute name="opacity" type="float" value="100.000000" />
											</attributes>
											<animations>
												<animation index="7" activate="0" />
												<animation index="8" activate="0" />
											</animations>
										</element_settings>
										<element_settings index="15" name="Material2941" activate="0" />
										<element_settings index="16" name="bracket_missionbriefing_02" activate="0">
											<attributes>
												<attribute name="opacity" type="float" value="90.000000" />
											</attributes>
											<animations>
												<animation index="9" activate="0" />
												<animation index="10" activate="0" />
											</animations>
										</element_settings>
										<element_settings index="17" name="Material2941" activate="0" />
										<element_settings index="18" name="bracket_missionbriefing_02" activate="0" />
										<element_settings index="19" name="bracket_missionbriefing_1" activate="0">
											<attributes>
												<attribute name="opacity" type="float" value="100.000000" />
												<attribute name="scale.x" type="float" value="3.000000" />
												<attribute name="scale.y" type="float" value="0.220000" />
												<attribute name="scale.z" type="float" value="1.000000" />
											</attributes>
											<animations>
												<animation index="11" activate="0" />
												<animation index="12" activate="0" />
												<animation index="13" activate="0" />
												<animation index="14" activate="0" />
												<animation index="15" activate="0" />
												<animation index="16" activate="0" />
												<animation index="17" activate="0" />
												<animation index="18" activate="0" />
											</animations>
										</element_settings>
										<element_settings index="20" name="Material2941" activate="0" />
										<element_settings index="21" name="bracket_missionbriefing_02" activate="0" />
										<element_settings index="22" name="bracket_missionbriefing_2" activate="0">
											<attributes>
												<attribute name="opacity" type="float" value="100.000000" />
												<attribute name="scale.x" type="float" value="3.000000" />
												<attribute name="scale.y" type="float" value="0.220000" />
												<attribute name="scale.z" type="float" value="1.000000" />
											</attributes>
											<animations>
												<animation index="19" activate="0" />
												<animation index="20" activate="0" />
												<animation index="21" activate="0" />
												<animation index="22" activate="0" />
												<animation index="23" activate="0" />
												<animation index="24" activate="0" />
												<animation index="25" activate="0" />
												<animation index="26" activate="0" />
											</animations>
										</element_settings>
										<element_settings index="23" name="Material2941" activate="0" />
										<element_settings index="24" name="bracket_missionbriefing_02" activate="0" />
										<element_settings index="25" name="bracket_missionbriefing_3" activate="0">
											<attributes>
												<attribute name="opacity" type="float" value="0.000000" />
												<attribute name="scale.x" type="float" value="9.000000" />
												<attribute name="scale.y" type="float" value="1.000000" />
												<attribute name="scale.z" type="float" value="1.000000" />
											</attributes>
											<animations>
												<animation index="27" activate="0" />
												<animation index="28" activate="0" />
												<animation index="29" activate="0" />
												<animation index="30" activate="0" />
												<animation index="31" activate="0" />
												<animation index="32" activate="0" />
												<animation index="33" activate="0" />
												<animation index="34" activate="0" />
											</animations>
										</element_settings>
										<element_settings index="26" name="Material2941" activate="0" />
										<element_settings index="27" name="bracket_missionbriefing_02" activate="0" />
										<element_settings index="28" name="glow_missionbriefing" activate="0">
											<attributes>
												<attribute name="opacity" type="float" value="100.000000" />
											</attributes>
											<animations>
												<animation index="35" activate="0" />
											</animations>
										</element_settings>
										<element_settings index="29" name="Material2972" activate="0" />
										<element_settings index="30" name="glow_missionbriefing" activate="0" />
										<element_settings index="31" name="missionbar_shadow" activate="0">
											<attributes>
												<attribute name="opacity" type="float" value="50.000000" />
											</attributes>
											<animations>
												<animation index="36" activate="0" />
												<animation index="37" activate="0" />
											</animations>
										</element_settings>
										<element_settings index="32" name="Material345" activate="0" />
										<element_settings index="33" name="missionbar_shadow" activate="0" />
										<element_settings index="34" activate="0">
											<attributes>
												<attribute name="opacity" type="float" value="100.000000" />
											</attributes>
											<animations>
												<animation index="38" activate="0" />
												<animation index="39" activate="0" />
											</animations>
										</element_settings>
										<element_settings index="35" name="icon" activate="0">
											<attributes>
												<attribute name="opacity" type="float" value="100.000000" />
											</attributes>
											<animations>
												<animation index="40" activate="0" />
												<animation index="41" activate="0" />
											</animations>
										</element_settings>
										<element_settings index="36" name="icon" activate="0" />
										<element_settings index="37" name="icon" activate="0" />
									</affected_elements>
								</slide>
								<slide name="inactive" flags="9" starttime="0" endtime="10000">
									<affected_elements>
										<element_settings index="5" activate="1" />
										<element_settings index="6" name="Group" activate="1">
											<attributes>
												<attribute name="endtime" type="int" value="10000" />
											</attributes>
										</element_settings>
										<element_settings index="7" name="bar" activate="1">
											<attributes>
												<attribute name="endtime" type="int" value="10000" />
												<attribute name="opacity" type="float" value="0.000000" />
											</attributes>
										</element_settings>
										<element_settings index="14" name="flash" activate="0">
											<attributes>
												<attribute name="endtime" type="int" value="10000" />
												<attribute name="opacity" type="float" value="100.000000" />
												<attribute name="scale.x" type="float" value="3.000000" />
												<attribute name="scale.y" type="float" value="0.400000" />
												<attribute name="scale.z" type="float" value="1.000000" />
											</attributes>
										</element_settings>
										<element_settings index="15" name="Material2941" activate="0">
											<attributes>
												<attribute name="endtime" type="int" value="10000" />
											</attributes>
										</element_settings>
										<element_settings index="16" name="bracket_missionbriefing_02" activate="0">
											<attributes>
												<attribute name="endtime" type="int" value="10000" />
												<attribute name="opacity" type="float" value="90.000000" />
											</attributes>
										</element_settings>
										<element_settings index="17" name="Material2941" activate="0">
											<attributes>
												<attribute name="endtime" type="int" value="10000" />
											</attributes>
										</element_settings>
										<element_settings index="18" name="bracket_missionbriefing_02" activate="0">
											<attributes>
												<attribute name="endtime" type="int" value="10000" />
											</attributes>
										</element_settings>
										<element_settings index="19" name="bracket_missionbriefing_1" activate="1">
											<attributes>
												<attribute name="endtime" type="int" value="10000" />
												<attribute name="opacity" type="float" value="0.000000" />
												<attribute name="scale.x" type="float" value="3.000000" />
												<attribute name="scale.y" type="float" value="0.220000" />
												<attribute name="scale.z" type="float" value="1.000000" />
											</attributes>
										</element_settings>
										<element_settings index="20" name="Material2941" activate="1">
											<attributes>
												<attribute name="endtime" type="int" value="10000" />
											</attributes>
										</element_settings>
										<element_settings index="21" name="bracket_missionbriefing_02" activate="1">
											<attributes>
												<attribute name="endtime" type="int" value="10000" />
											</attributes>
										</element_settings>
										<element_settings index="22" name="bracket_missionbriefing_2" activate="1">
											<attributes>
												<attribute name="endtime" type="int" value="10000" />
												<attribute name="opacity" type="float" value="0.000000" />
												<attribute name="scale.x" type="float" value="3.000000" />
												<attribute name="scale.y" type="float" value="0.220000" />
												<attribute name="scale.z" type="float" value="1.000000" />
											</attributes>
										</element_settings>
										<element_settings index="23" name="Material2941" activate="1">
											<attributes>
												<attribute name="endtime" type="int" value="10000" />
											</attributes>
										</element_settings>
										<element_settings index="24" name="bracket_missionbriefing_02" activate="1">
											<attributes>
												<attribute name="endtime" type="int" value="10000" />
											</attributes>
										</element_settings>
										<element_settings index="25" name="bracket_missionbriefing_3" activate="1">
											<attributes>
												<attribute name="endtime" type="int" value="10000" />
												<attribute name="opacity" type="float" value="0.000000" />
												<attribute name="scale.x" type="float" value="9.000000" />
												<attribute name="scale.y" type="float" value="1.000000" />
												<attribute name="scale.z" type="float" value="1.000000" />
											</attributes>
										</element_settings>
										<element_settings index="26" name="Material2941" activate="1">
											<attributes>
												<attribute name="endtime" type="int" value="10000" />
											</attributes>
										</element_settings>
										<element_settings index="27" name="bracket_missionbriefing_02" activate="1">
											<attributes>
												<attribute name="endtime" type="int" value="10000" />
											</attributes>
										</element_settings>
										<element_settings index="28" name="glow_missionbriefing" activate="1">
											<attributes>
												<attribute name="endtime" type="int" value="10000" />
												<attribute name="opacity" type="float" value="0.000000" />
											</attributes>
										</element_settings>
										<element_settings index="29" name="Material2972" activate="1">
											<attributes>
												<attribute name="endtime" type="int" value="10000" />
											</attributes>
										</element_settings>
										<element_settings index="30" name="glow_missionbriefing" activate="1">
											<attributes>
												<attribute name="endtime" type="int" value="10000" />
											</attributes>
										</element_settings>
										<element_settings index="31" name="missionbar_shadow" activate="0">
											<attributes>
												<attribute name="endtime" type="int" value="10000" />
												<attribute name="opacity" type="float" value="50.000000" />
											</attributes>
										</element_settings>
										<element_settings index="32" name="Material345" activate="0">
											<attributes>
												<attribute name="endtime" type="int" value="10000" />
											</attributes>
										</element_settings>
										<element_settings index="33" name="missionbar_shadow" activate="0">
											<attributes>
												<attribute name="endtime" type="int" value="10000" />
											</attributes>
										</element_settings>
										<element_settings index="34" activate="0">
											<attributes>
												<attribute name="endtime" type="int" value="10000" />
												<attribute name="opacity" type="float" value="100.000000" />
											</attributes>
										</element_settings>
										<element_settings index="35" name="icon" activate="0">
											<attributes>
												<attribute name="endtime" type="int" value="10000" />
												<attribute name="opacity" type="float" value="100.000000" />
											</attributes>
										</element_settings>
										<element_settings index="36" name="icon" activate="0">
											<attributes>
												<attribute name="endtime" type="int" value="10000" />
											</attributes>
										</element_settings>
										<element_settings index="37" name="icon" activate="0">
											<attributes>
												<attribute name="endtime" type="int" value="10000" />
											</attributes>
										</element_settings>
									</affected_elements>
								</slide>
								<slide name="appear" flags="17" starttime="0" endtime="900">
									<affected_elements>
										<element_settings index="5" activate="1" />
										<element_settings index="6" name="Group" activate="1">
											<attributes>
												<attribute name="endtime" type="int" value="900" />
											</attributes>
										</element_settings>
										<element_settings index="7" name="bar" activate="1">
											<attributes>
												<attribute name="endtime" type="int" value="900" />
												<attribute name="opacity" type="float" value="100.000000" />
											</attributes>
											<animations>
												<animation index="0" activate="1" />
											</animations>
										</element_settings>
										<element_settings index="14" name="flash" activate="1">
											<attributes>
												<attribute name="endtime" type="int" value="900" />
												<attribute name="opacity" type="float" value="0.000000" />
												<attribute name="scale.x" type="float" value="3.000000" />
												<attribute name="scale.y" type="float" value="0.250000" />
												<attribute name="scale.z" type="float" value="1.000000" />
											</attributes>
											<animations>
												<animation index="7" activate="1" />
											</animations>
										</element_settings>
										<element_settings index="15" name="Material2941" activate="1">
											<attributes>
												<attribute name="endtime" type="int" value="900" />
											</attributes>
										</element_settings>
										<element_settings index="16" name="bracket_missionbriefing_02" activate="1">
											<attributes>
												<attribute name="endtime" type="int" value="900" />
												<attribute name="opacity" type="float" value="90.000000" />
											</attributes>
											<animations>
												<animation index="9" activate="1" />
											</animations>
										</element_settings>
										<element_settings index="17" name="Material2941" activate="1">
											<attributes>
												<attribute name="endtime" type="int" value="900" />
											</attributes>
										</element_settings>
										<element_settings index="18" name="bracket_missionbriefing_02" activate="1">
											<attributes>
												<attribute name="endtime" type="int" value="900" />
											</attributes>
										</element_settings>
										<element_settings index="19" name="bracket_missionbriefing_1" activate="1">
											<attributes>
												<attribute name="endtime" type="int" value="900" />
												<attribute name="opacity" type="float" value="100.000000" />
												<attribute name="scale.x" type="float" value="3.000000" />
												<attribute name="scale.y" type="float" value="0.200000" />
												<attribute name="scale.z" type="float" value="1.000000" />
											</attributes>
											<animations>
												<animation index="11" activate="1" />
												<animation index="12" activate="1" />
												<animation index="13" activate="1" />
												<animation index="14" activate="1" />
											</animations>
										</element_settings>
										<element_settings index="20" name="Material2941" activate="1">
											<attributes>
												<attribute name="endtime" type="int" value="900" />
											</attributes>
										</element_settings>
										<element_settings index="21" name="bracket_missionbriefing_02" activate="1">
											<attributes>
												<attribute name="endtime" type="int" value="900" />
											</attributes>
										</element_settings>
										<element_settings index="22" name="bracket_missionbriefing_2" activate="1">
											<attributes>
												<attribute name="endtime" type="int" value="900" />
												<attribute name="opacity" type="float" value="0.000000" />
												<attribute name="scale.x" type="float" value="3.000000" />
												<attribute name="scale.y" type="float" value="0.200000" />
												<attribute name="scale.z" type="float" value="1.000000" />
											</attributes>
											<animations>
												<animation index="19" activate="1" />
												<animation index="20" activate="1" />
												<animation index="21" activate="1" />
												<animation index="22" activate="1" />
											</animations>
										</element_settings>
										<element_settings index="23" name="Material2941" activate="1">
											<attributes>
												<attribute name="endtime" type="int" value="900" />
											</attributes>
										</element_settings>
										<element_settings index="24" name="bracket_missionbriefing_02" activate="1">
											<attributes>
												<attribute name="endtime" type="int" value="900" />
											</attributes>
										</element_settings>
										<element_settings index="25" name="bracket_missionbriefing_3" activate="1">
											<attributes>
												<attribute name="endtime" type="int" value="900" />
												<attribute name="opacity" type="float" value="0.000000" />
												<attribute name="scale.x" type="float" value="3.000000" />
												<attribute name="scale.y" type="float" value="0.200000" />
												<attribute name="scale.z" type="float" value="1.000000" />
											</attributes>
											<animations>
												<animation index="27" activate="1" />
												<animation index="28" activate="1" />
												<animation index="29" activate="1" />
												<animation index="30" activate="1" />
											</animations>
										</element_settings>
										<element_settings index="26" name="Material2941" activate="1">
											<attributes>
												<attribute name="endtime" type="int" value="900" />
											</attributes>
										</element_settings>
										<element_settings index="27" name="bracket_missionbriefing_02" activate="1">
											<attributes>
												<attribute name="endtime" type="int" value="900" />
											</attributes>
										</element_settings>
										<element_settings index="28" name="glow_missionbriefing" activate="0">
											<attributes>
												<attribute name="endtime" type="int" value="900" />
												<attribute name="opacity" type="float" value="100.000000" />
											</attributes>
										</element_settings>
										<element_settings index="29" name="Material2972" activate="0">
											<attributes>
												<attribute name="endtime" type="int" value="900" />
											</attributes>
										</element_settings>
										<element_settings index="30" name="glow_missionbriefing" activate="0">
											<attributes>
												<attribute name="endtime" type="int" value="900" />
											</attributes>
										</element_settings>
										<element_settings index="31" name="missionbar_shadow" activate="1">
											<attributes>
												<attribute name="endtime" type="int" value="900" />
												<attribute name="opacity" type="float" value="50.000000" />
											</attributes>
											<animations>
												<animation index="36" activate="1" />
											</animations>
										</element_settings>
										<element_settings index="32" name="Material345" activate="1">
											<attributes>
												<attribute name="endtime" type="int" value="900" />
											</attributes>
										</element_settings>
										<element_settings index="33" name="missionbar_shadow" activate="1">
											<attributes>
												<attribute name="endtime" type="int" value="900" />
											</attributes>
										</element_settings>
										<element_settings index="34" activate="1">
											<attributes>
												<attribute name="endtime" type="int" value="900" />
												<attribute name="opacity" type="float" value="100.000000" />
											</attributes>
											<animations>
												<animation index="38" activate="1" />
											</animations>
										</element_settings>
										<element_settings index="35" name="icon" activate="1">
											<attributes>
												<attribute name="endtime" type="int" value="900" />
												<attribute name="opacity" type="float" value="100.000000" />
											</attributes>
											<animations>
												<animation index="40" activate="1" />
											</animations>
										</element_settings>
										<element_settings index="36" name="icon" activate="1">
											<attributes>
												<attribute name="endtime" type="int" value="900" />
											</attributes>
										</element_settings>
										<element_settings index="37" name="icon" activate="1">
											<attributes>
												<attribute name="endtime" type="int" value="900" />
											</attributes>
										</element_settings>
									</affected_elements>
								</slide>
								<slide name="active" flags="9" starttime="0" endtime="2505">
									<affected_elements>
										<element_settings index="5" activate="1" />
										<element_settings index="6" name="Group" activate="1">
											<attributes>
												<attribute name="endtime" type="int" value="2505" />
											</attributes>
										</element_settings>
										<element_settings index="7" name="bar" activate="1">
											<attributes>
												<attribute name="endtime" type="int" value="2505" />
												<attribute name="opacity" type="float" value="100.000000" />
											</attributes>
										</element_settings>
										<element_settings index="14" name="flash" activate="0">
											<attributes>
												<attribute name="endtime" type="int" value="2505" />
												<attribute name="opacity" type="float" value="100.000000" />
												<attribute name="scale.x" type="float" value="3.000000" />
												<attribute name="scale.y" type="float" value="0.400000" />
												<attribute name="scale.z" type="float" value="1.000000" />
											</attributes>
										</element_settings>
										<element_settings index="15" name="Material2941" activate="0">
											<attributes>
												<attribute name="endtime" type="int" value="2505" />
											</attributes>
										</element_settings>
										<element_settings index="16" name="bracket_missionbriefing_02" activate="1">
											<attributes>
												<attribute name="endtime" type="int" value="2505" />
												<attribute name="opacity" type="float" value="90.000000" />
											</attributes>
										</element_settings>
										<element_settings index="17" name="Material2941" activate="1">
											<attributes>
												<attribute name="endtime" type="int" value="2505" />
											</attributes>
										</element_settings>
										<element_settings index="18" name="bracket_missionbriefing_02" activate="1">
											<attributes>
												<attribute name="endtime" type="int" value="2505" />
											</attributes>
										</element_settings>
										<element_settings index="19" name="bracket_missionbriefing_1" activate="0">
											<attributes>
												<attribute name="endtime" type="int" value="2505" />
												<attribute name="opacity" type="float" value="100.000000" />
												<attribute name="scale.x" type="float" value="3.000000" />
												<attribute name="scale.y" type="float" value="0.220000" />
												<attribute name="scale.z" type="float" value="1.000000" />
											</attributes>
										</element_settings>
										<element_settings index="20" name="Material2941" activate="0">
											<attributes>
												<attribute name="endtime" type="int" value="2505" />
											</attributes>
										</element_settings>
										<element_settings index="21" name="bracket_missionbriefing_02" activate="0">
											<attributes>
												<attribute name="endtime" type="int" value="2505" />
											</attributes>
										</element_settings>
										<element_settings index="22" name="bracket_missionbriefing_2" activate="0">
											<attributes>
												<attribute name="endtime" type="int" value="2505" />
												<attribute name="opacity" type="float" value="100.000000" />
												<attribute name="scale.x" type="float" value="3.000000" />
												<attribute name="scale.y" type="float" value="0.220000" />
												<attribute name="scale.z" type="float" value="1.000000" />
											</attributes>
										</element_settings>
										<element_settings index="23" name="Material2941" activate="0">
											<attributes>
												<attribute name="endtime" type="int" value="2505" />
											</attributes>
										</element_settings>
										<element_settings index="24" name="bracket_missionbriefing_02" activate="0">
											<attributes>
												<attribute name="endtime" type="int" value="2505" />
											</attributes>
										</element_settings>
										<element_settings index="25" name="bracket_missionbriefing_3" activate="0">
											<attributes>
												<attribute name="endtime" type="int" value="2505" />
												<attribute name="opacity" type="float" value="0.000000" />
												<attribute name="scale.x" type="float" value="9.000000" />
												<attribute name="scale.y" type="float" value="1.000000" />
												<attribute name="scale.z" type="float" value="1.000000" />
											</attributes>
										</element_settings>
										<element_settings index="26" name="Material2941" activate="0">
											<attributes>
												<attribute name="endtime" type="int" value="2505" />
											</attributes>
										</element_settings>
										<element_settings index="27" name="bracket_missionbriefing_02" activate="0">
											<attributes>
												<attribute name="endtime" type="int" value="2505" />
											</attributes>
										</element_settings>
										<element_settings index="28" name="glow_missionbriefing" activate="0">
											<attributes>
												<attribute name="endtime" type="int" value="2505" />
												<attribute name="opacity" type="float" value="100.000000" />
											</attributes>
										</element_settings>
										<element_settings index="29" name="Material2972" activate="0">
											<attributes>
												<attribute name="endtime" type="int" value="2505" />
											</attributes>
										</element_settings>
										<element_settings index="30" name="glow_missionbriefing" activate="0">
											<attributes>
												<attribute name="endtime" type="int" value="2505" />
											</attributes>
										</element_settings>
										<element_settings index="31" name="missionbar_shadow" activate="1">
											<attributes>
												<attribute name="endtime" type="int" value="2505" />
												<attribute name="opacity" type="float" value="50.000000" />
											</attributes>
										</element_settings>
										<element_settings index="32" name="Material345" activate="1">
											<attributes>
												<attribute name="endtime" type="int" value="2505" />
											</attributes>
										</element_settings>
										<element_settings index="33" name="missionbar_shadow" activate="1">
											<attributes>
												<attribute name="endtime" type="int" value="2505" />
											</attributes>
										</element_settings>
										<element_settings index="34" activate="1">
											<attributes>
												<attribute name="endtime" type="int" value="2505" />
												<attribute name="opacity" type="float" value="100.000000" />
											</attributes>
										</element_settings>
										<element_settings index="35" name="icon" activate="1">
											<attributes>
												<attribute name="endtime" type="int" value="2505" />
												<attribute name="opacity" type="float" value="100.000000" />
											</attributes>
										</element_settings>
										<element_settings index="36" name="icon" activate="1">
											<attributes>
												<attribute name="endtime" type="int" value="2505" />
											</attributes>
										</element_settings>
										<element_settings index="37" name="icon" activate="1">
											<attributes>
												<attribute name="endtime" type="int" value="2505" />
											</attributes>
										</element_settings>
									</affected_elements>
								</slide>
								<slide name="appearLarge" flags="17" starttime="0" endtime="900">
									<affected_elements>
										<element_settings index="5" activate="1" />
										<element_settings index="6" name="Group" activate="1">
											<attributes>
												<attribute name="endtime" type="int" value="900" />
											</attributes>
										</element_settings>
										<element_settings index="7" name="bar" activate="1">
											<attributes>
												<attribute name="endtime" type="int" value="900" />
												<attribute name="opacity" type="float" value="0.000000" />
											</attributes>
											<animations>
												<animation index="1" activate="1" />
											</animations>
										</element_settings>
										<element_settings index="14" name="flash" activate="1">
											<attributes>
												<attribute name="endtime" type="int" value="900" />
												<attribute name="opacity" type="float" value="0.000000" />
												<attribute name="scale.x" type="float" value="3.000000" />
												<attribute name="scale.y" type="float" value="0.400000" />
												<attribute name="scale.z" type="float" value="1.000000" />
											</attributes>
											<animations>
												<animation index="8" activate="1" />
											</animations>
										</element_settings>
										<element_settings index="15" name="Material2941" activate="1">
											<attributes>
												<attribute name="endtime" type="int" value="900" />
											</attributes>
										</element_settings>
										<element_settings index="16" name="bracket_missionbriefing_02" activate="1">
											<attributes>
												<attribute name="endtime" type="int" value="900" />
												<attribute name="opacity" type="float" value="0.000000" />
											</attributes>
											<animations>
												<animation index="10" activate="1" />
											</animations>
										</element_settings>
										<element_settings index="17" name="Material2941" activate="1">
											<attributes>
												<attribute name="endtime" type="int" value="900" />
											</attributes>
										</element_settings>
										<element_settings index="18" name="bracket_missionbriefing_02" activate="1">
											<attributes>
												<attribute name="endtime" type="int" value="900" />
											</attributes>
										</element_settings>
										<element_settings index="19" name="bracket_missionbriefing_1" activate="1">
											<attributes>
												<attribute name="endtime" type="int" value="900" />
												<attribute name="opacity" type="float" value="0.000000" />
												<attribute name="scale.x" type="float" value="9.000000" />
												<attribute name="scale.y" type="float" value="1.000000" />
												<attribute name="scale.z" type="float" value="1.000000" />
											</attributes>
											<animations>
												<animation index="15" activate="1" />
												<animation index="16" activate="1" />
												<animation index="17" activate="1" />
												<animation index="18" activate="1" />
											</animations>
										</element_settings>
										<element_settings index="20" name="Material2941" activate="1">
											<attributes>
												<attribute name="endtime" type="int" value="900" />
											</attributes>
										</element_settings>
										<element_settings index="21" name="bracket_missionbriefing_02" activate="1">
											<attributes>
												<attribute name="endtime" type="int" value="900" />
											</attributes>
										</element_settings>
										<element_settings index="22" name="bracket_missionbriefing_2" activate="1">
											<attributes>
												<attribute name="endtime" type="int" value="900" />
												<attribute name="opacity" type="float" value="0.000000" />
												<attribute name="scale.x" type="float" value="9.000000" />
												<attribute name="scale.y" type="float" value="1.000000" />
												<attribute name="scale.z" type="float" value="1.000000" />
											</attributes>
											<animations>
												<animation index="23" activate="1" />
												<animation index="24" activate="1" />
												<animation index="25" activate="1" />
												<animation index="26" activate="1" />
											</animations>
										</element_settings>
										<element_settings index="23" name="Material2941" activate="1">
											<attributes>
												<attribute name="endtime" type="int" value="900" />
											</attributes>
										</element_settings>
										<element_settings index="24" name="bracket_missionbriefing_02" activate="1">
											<attributes>
												<attribute name="endtime" type="int" value="900" />
											</attributes>
										</element_settings>
										<element_settings index="25" name="bracket_missionbriefing_3" activate="1">
											<attributes>
												<attribute name="endtime" type="int" value="900" />
												<attribute name="opacity" type="float" value="0.000000" />
												<attribute name="scale.x" type="float" value="9.000000" />
												<attribute name="scale.y" type="float" value="1.000000" />
												<attribute name="scale.z" type="float" value="1.000000" />
											</attributes>
											<animations>
												<animation index="31" activate="1" />
												<animation index="32" activate="1" />
												<animation index="33" activate="1" />
												<animation index="34" activate="1" />
											</animations>
										</element_settings>
										<element_settings index="26" name="Material2941" activate="1">
											<attributes>
												<attribute name="endtime" type="int" value="900" />
											</attributes>
										</element_settings>
										<element_settings index="27" name="bracket_missionbriefing_02" activate="1">
											<attributes>
												<attribute name="endtime" type="int" value="900" />
											</attributes>
										</element_settings>
										<element_settings index="28" name="glow_missionbriefing" activate="0">
											<attributes>
												<attribute name="endtime" type="int" value="900" />
												<attribute name="opacity" type="float" value="100.000000" />
											</attributes>
										</element_settings>
										<element_settings index="29" name="Material2972" activate="0">
											<attributes>
												<attribute name="endtime" type="int" value="900" />
											</attributes>
										</element_settings>
										<element_settings index="30" name="glow_missionbriefing" activate="0">
											<attributes>
												<attribute name="endtime" type="int" value="900" />
											</attributes>
										</element_settings>
										<element_settings index="31" name="missionbar_shadow" activate="1">
											<attributes>
												<attribute name="endtime" type="int" value="900" />
												<attribute name="opacity" type="float" value="0.000000" />
											</attributes>
											<animations>
												<animation index="37" activate="1" />
											</animations>
										</element_settings>
										<element_settings index="32" name="Material345" activate="1">
											<attributes>
												<attribute name="endtime" type="int" value="900" />
											</attributes>
										</element_settings>
										<element_settings index="33" name="missionbar_shadow" activate="1">
											<attributes>
												<attribute name="endtime" type="int" value="900" />
											</attributes>
										</element_settings>
										<element_settings index="34" activate="1">
											<attributes>
												<attribute name="endtime" type="int" value="900" />
												<attribute name="opacity" type="float" value="0.000000" />
											</attributes>
											<animations>
												<animation index="39" activate="1" />
											</animations>
										</element_settings>
										<element_settings index="35" name="icon" activate="1">
											<attributes>
												<attribute name="endtime" type="int" value="900" />
												<attribute name="opacity" type="float" value="0.000000" />
											</attributes>
											<animations>
												<animation index="41" activate="1" />
											</animations>
										</element_settings>
										<element_settings index="36" name="icon" activate="1">
											<attributes>
												<attribute name="endtime" type="int" value="900" />
											</attributes>
										</element_settings>
										<element_settings index="37" name="icon" activate="1">
											<attributes>
												<attribute name="endtime" type="int" value="900" />
											</attributes>
										</element_settings>
									</affected_elements>
								</slide>
								<slide name="active_highlight" flags="0" starttime="0" endtime="500">
									<affected_elements>
										<element_settings index="5" activate="1" />
										<element_settings index="6" name="Group" activate="1">
											<attributes>
												<attribute name="endtime" type="int" value="500" />
											</attributes>
										</element_settings>
										<element_settings index="7" name="bar" activate="1">
											<attributes>
												<attribute name="endtime" type="int" value="500" />
												<attribute name="opacity" type="float" value="100.000000" />
											</attributes>
										</element_settings>
										<element_settings index="14" name="flash" activate="0">
											<attributes>
												<attribute name="endtime" type="int" value="500" />
												<attribute name="opacity" type="float" value="100.000000" />
												<attribute name="scale.x" type="float" value="3.000000" />
												<attribute name="scale.y" type="float" value="0.400000" />
												<attribute name="scale.z" type="float" value="1.000000" />
											</attributes>
										</element_settings>
										<element_settings index="15" name="Material2941" activate="0">
											<attributes>
												<attribute name="endtime" type="int" value="500" />
											</attributes>
										</element_settings>
										<element_settings index="16" name="bracket_missionbriefing_02" activate="1">
											<attributes>
												<attribute name="endtime" type="int" value="500" />
												<attribute name="opacity" type="float" value="90.000000" />
											</attributes>
										</element_settings>
										<element_settings index="17" name="Material2941" activate="1">
											<attributes>
												<attribute name="endtime" type="int" value="500" />
											</attributes>
										</element_settings>
										<element_settings index="18" name="bracket_missionbriefing_02" activate="1">
											<attributes>
												<attribute name="endtime" type="int" value="500" />
											</attributes>
										</element_settings>
										<element_settings index="19" name="bracket_missionbriefing_1" activate="0">
											<attributes>
												<attribute name="endtime" type="int" value="500" />
												<attribute name="opacity" type="float" value="100.000000" />
												<attribute name="scale.x" type="float" value="3.000000" />
												<attribute name="scale.y" type="float" value="0.220000" />
												<attribute name="scale.z" type="float" value="1.000000" />
											</attributes>
										</element_settings>
										<element_settings index="20" name="Material2941" activate="0">
											<attributes>
												<attribute name="endtime" type="int" value="500" />
											</attributes>
										</element_settings>
										<element_settings index="21" name="bracket_missionbriefing_02" activate="0">
											<attributes>
												<attribute name="endtime" type="int" value="500" />
											</attributes>
										</element_settings>
										<element_settings index="22" name="bracket_missionbriefing_2" activate="0">
											<attributes>
												<attribute name="endtime" type="int" value="500" />
												<attribute name="opacity" type="float" value="100.000000" />
												<attribute name="scale.x" type="float" value="3.000000" />
												<attribute name="scale.y" type="float" value="0.220000" />
												<attribute name="scale.z" type="float" value="1.000000" />
											</attributes>
										</element_settings>
										<element_settings index="23" name="Material2941" activate="0">
											<attributes>
												<attribute name="endtime" type="int" value="500" />
											</attributes>
										</element_settings>
										<element_settings index="24" name="bracket_missionbriefing_02" activate="0">
											<attributes>
												<attribute name="endtime" type="int" value="500" />
											</attributes>
										</element_settings>
										<element_settings index="25" name="bracket_missionbriefing_3" activate="0">
											<attributes>
												<attribute name="endtime" type="int" value="500" />
												<attribute name="opacity" type="float" value="0.000000" />
												<attribute name="scale.x" type="float" value="9.000000" />
												<attribute name="scale.y" type="float" value="1.000000" />
												<attribute name="scale.z" type="float" value="1.000000" />
											</attributes>
										</element_settings>
										<element_settings index="26" name="Material2941" activate="0">
											<attributes>
												<attribute name="endtime" type="int" value="500" />
											</attributes>
										</element_settings>
										<element_settings index="27" name="bracket_missionbriefing_02" activate="0">
											<attributes>
												<attribute name="endtime" type="int" value="500" />
											</attributes>
										</element_settings>
										<element_settings index="28" name="glow_missionbriefing" activate="1">
											<attributes>
												<attribute name="endtime" type="int" value="500" />
												<attribute name="opacity" type="float" value="100.000000" />
											</attributes>
											<animations>
												<animation index="35" activate="1" />
											</animations>
										</element_settings>
										<element_settings index="29" name="Material2972" activate="1">
											<attributes>
												<attribute name="endtime" type="int" value="500" />
											</attributes>
										</element_settings>
										<element_settings index="30" name="glow_missionbriefing" activate="1">
											<attributes>
												<attribute name="endtime" type="int" value="500" />
											</attributes>
										</element_settings>
										<element_settings index="31" name="missionbar_shadow" activate="1">
											<attributes>
												<attribute name="endtime" type="int" value="500" />
												<attribute name="opacity" type="float" value="50.000000" />
											</attributes>
										</element_settings>
										<element_settings index="32" name="Material345" activate="1">
											<attributes>
												<attribute name="endtime" type="int" value="500" />
											</attributes>
										</element_settings>
										<element_settings index="33" name="missionbar_shadow" activate="1">
											<attributes>
												<attribute name="endtime" type="int" value="500" />
											</attributes>
										</element_settings>
										<element_settings index="34" activate="1">
											<attributes>
												<attribute name="endtime" type="int" value="500" />
												<attribute name="opacity" type="float" value="100.000000" />
											</attributes>
										</element_settings>
										<element_settings index="35" name="icon" activate="1">
											<attributes>
												<attribute name="endtime" type="int" value="500" />
												<attribute name="opacity" type="float" value="100.000000" />
											</attributes>
										</element_settings>
										<element_settings index="36" name="icon" activate="1">
											<attributes>
												<attribute name="endtime" type="int" value="500" />
											</attributes>
										</element_settings>
										<element_settings index="37" name="icon" activate="1">
											<attributes>
												<attribute name="endtime" type="int" value="500" />
											</attributes>
										</element_settings>
									</affected_elements>
								</slide>
							</slides>
							<elements>
								<element index="6" id="AK6" name="Group" type="geometry" large="0">
									<attributes>
										<attribute name="endtime" type="int" value="10000" />
									</attributes>
									<elements>
										<element index="7" id="AK7" name="bar" type="dummy" large="1">
											<attributes>
												<attribute name="endtime" type="int" value="10000" />
												<attribute name="opacity" type="float" value="100.000000" />
											</attributes>
											<animations>
												<animation index="0" attribute="opacity" enabled="1" allow_runtime_adjustment="0">
													<keyframes>
														<keyframe time="300" p0="0.000000" p1="0.000000" p2="100.000000" />
														<keyframe time="350" p0="100.000000" p1="-1.000000" p2="-1.000000" />
													</keyframes>
												</animation>
												<animation index="1" attribute="opacity" enabled="1" allow_runtime_adjustment="0">
													<keyframes>
														<keyframe time="300" p0="0.000000" p1="0.000000" p2="100.000000" />
														<keyframe time="350" p0="100.000000" p1="-1.000000" p2="-1.000000" />
													</keyframes>
												</animation>
											</animations>
											<slides>
												<slide name="Master Slide" flags="9" starttime="0" endtime="2000">
													<affected_elements>
														<element_settings index="7" name="bar" activate="0" />
														<element_settings index="8" name="stausbar_missionbriefing" activate="0">
															<attributes>
																<attribute name="opacity" type="float" value="100.000000" />
																<attribute name="scale.x" type="float" value="1.960000" />
																<attribute name="scale.y" type="float" value="0.050000" />
																<attribute name="scale.z" type="float" value="1.000000" />
															</attributes>
															<animations>
																<animation index="2" activate="0" />
																<animation index="3" activate="0" />
																<animation index="4" activate="0" />
																<animation index="5" activate="0" />
															</animations>
														</element_settings>
														<element_settings index="9" name="Material2964" activate="0" />
														<element_settings index="10" name="stausbar_missionbriefing" activate="0" />
														<element_settings index="11" name="outline_missionbriefing" activate="0">
															<attributes>
																<attribute name="opacity" type="float" value="100.000000" />
															</attributes>
															<animations>
																<animation index="6" activate="0" />
															</animations>
														</element_settings>
														<element_settings index="12" name="Material2955" activate="0" />
														<element_settings index="13" name="outline_missionbriefing" activate="0" />
													</affected_elements>
												</slide>
												<slide name="Slide 1" flags="13" starttime="0" endtime="2000">
													<affected_elements>
														<element_settings index="7" name="bar" activate="1" />
														<element_settings index="8" name="stausbar_missionbriefing" activate="1">
															<attributes>
																<attribute name="opacity" type="float" value="0.000000" />
																<attribute name="scale.x" type="float" value="0.000000" />
																<attribute name="scale.y" type="float" value="0.050000" />
																<attribute name="scale.z" type="float" value="1.000000" />
															</attributes>
															<animations>
																<animation index="2" activate="1" />
																<animation index="3" activate="1" />
																<animation index="4" activate="1" />
																<animation index="5" activate="1" />
															</animations>
														</element_settings>
														<element_settings index="9" name="Material2964" activate="1" />
														<element_settings index="10" name="stausbar_missionbriefing" activate="1" />
														<element_settings index="11" name="outline_missionbriefing" activate="1">
															<attributes>
																<attribute name="opacity" type="float" value="0.000000" />
															</attributes>
															<animations>
																<animation index="6" activate="1" />
															</animations>
														</element_settings>
														<element_settings index="12" name="Material2955" activate="1" />
														<element_settings index="13" name="outline_missionbriefing" activate="1" />
													</affected_elements>
												</slide>
											</slides>
											<elements>
												<element index="8" id="AK8" name="stausbar_missionbriefing" type="geometry" large="0">
													<attributes>
														<attribute name="endtime" type="int" value="2000" />
														<attribute name="opacity" type="float" value="100.000000" />
														<attribute name="pivot.x" type="float" value="-50.000000" />
														<attribute name="pivot.y" type="float" value="0.000000" />
														<attribute name="pivot.z" type="float" value="0.000000" />
														<attribute name="position.x" type="float" value="-98.000000" />
														<attribute name="position.y" type="float" value="0.000000" />
														<attribute name="position.z" type="float" value="-0.060000" />
														<attribute name="scale.x" type="float" value="1.960000" />
														<attribute name="scale.y" type="float" value="0.050000" />
														<attribute name="scale.z" type="float" value="1.000000" />
														<attribute name="timeoffset" type="int" value="0" />
													</attributes>
													<animations>
														<animation index="2" attribute="opacity" enabled="1" allow_runtime_adjustment="0">
															<keyframes>
																<keyframe time="0" p0="0.000000" p1="0.000000" p2="0.000000" />
																<keyframe time="999" p0="0.000000" p1="0.000000" p2="66.666672" />
																<keyframe time="1000" p0="100.000000" p1="100.000000" p2="100.000000" />
																<keyframe time="2000" p0="100.000000" p1="-1.000000" p2="-1.000000" />
															</keyframes>
														</animation>
														<animation index="3" attribute="scale.x" enabled="1" allow_runtime_adjustment="0">
															<keyframes>
																<keyframe time="1000" p0="0.000000" p1="0.653333" p2="1.306667" />
																<keyframe time="2000" p0="1.960000" p1="-1.000000" p2="-1.000000" />
															</keyframes>
														</animation>
														<animation index="4" attribute="scale.y" enabled="1" allow_runtime_adjustment="0">
															<keyframes>
																<keyframe time="1000" p0="0.050000" p1="0.050000" p2="0.050000" />
																<keyframe time="2000" p0="0.050000" p1="-1.000000" p2="-1.000000" />
															</keyframes>
														</animation>
														<animation index="5" attribute="scale.z" enabled="1" allow_runtime_adjustment="0">
															<keyframes>
																<keyframe time="1000" p0="1.000000" p1="1.000000" p2="1.000000" />
																<keyframe time="2000" p0="1.000000" p1="-1.000000" p2="-1.000000" />
															</keyframes>
														</animation>
													</animations>
													<elements>
														<element index="9" id="AK13" name="Material2964" type="material" large="0">
															<elements>
																<element index="10" id="AK14" name="stausbar_missionbriefing" type="texture" large="0" />
															</elements>
														</element>
													</elements>
												</element>
												<element index="11" id="AK15" name="outline_missionbriefing" type="geometry" large="0">
													<attributes>
														<attribute name="endtime" type="int" value="2000" />
														<attribute name="opacity" type="float" value="100.000000" />
														<attribute name="timeoffset" type="int" value="0" />
													</attributes>
													<animations>
														<animation index="6" attribute="opacity" enabled="1" allow_runtime_adjustment="0">
															<keyframes>
																<keyframe time="0" p0="0.000000" p1="0.000000" p2="0.000000" />
																<keyframe time="999" p0="0.000000" p1="0.000000" p2="66.666672" />
																<keyframe time="1000" p0="100.000000" p1="100.000000" p2="100.000000" />
																<keyframe time="2000" p0="100.000000" p1="-1.000000" p2="-1.000000" />
															</keyframes>
														</animation>
													</animations>
													<elements>
														<element index="12" id="AK20" name="Material2955" type="material" large="0">
															<elements>
																<element index="13" id="AK21" name="outline_missionbriefing" type="texture" large="0" />
															</elements>
														</element>
													</elements>
												</element>
											</elements>
										</element>
										<element index="14" id="AK22" name="flash" type="geometry" large="0">
											<attributes>
												<attribute name="endtime" type="int" value="10000" />
												<attribute name="opacity" type="float" value="100.000000" />
												<attribute name="scale.x" type="float" value="3.000000" />
												<attribute name="scale.y" type="float" value="0.400000" />
												<attribute name="scale.z" type="float" value="1.000000" />
											</attributes>
											<animations>
												<animation index="7" attribute="opacity" enabled="1" allow_runtime_adjustment="0">
													<keyframes>
														<keyframe time="300" p0="0.000000" p1="0.000000" p2="66.666672" />
														<keyframe time="350" p0="100.000000" p1="100.000000" p2="100.000000" />
														<keyframe time="400" p0="100.000000" p1="100.000000" p2="0.000000" />
														<keyframe time="450" p0="0.000000" p1="-1.000000" p2="-1.000000" />
													</keyframes>
												</animation>
												<animation index="8" attribute="opacity" enabled="1" allow_runtime_adjustment="0">
													<keyframes>
														<keyframe time="300" p0="0.000000" p1="0.000000" p2="66.666672" />
														<keyframe time="350" p0="100.000000" p1="100.000000" p2="100.000000" />
														<keyframe time="400" p0="100.000000" p1="100.000000" p2="0.000000" />
														<keyframe time="450" p0="0.000000" p1="-1.000000" p2="-1.000000" />
													</keyframes>
												</animation>
											</animations>
											<elements>
												<element index="15" id="AK27" name="Material2941" type="material" large="0">
													<attributes>
														<attribute name="endtime" type="int" value="10000" />
													</attributes>
												</element>
											</elements>
										</element>
										<element index="16" id="AK28" name="bracket_missionbriefing_02" type="geometry" large="0">
											<attributes>
												<attribute name="endtime" type="int" value="10000" />
												<attribute name="opacity" type="float" value="90.000000" />
											</attributes>
											<animations>
												<animation index="9" attribute="opacity" enabled="1" allow_runtime_adjustment="0">
													<keyframes>
														<keyframe time="300" p0="0.000000" p1="0.000000" p2="90.000000" />
														<keyframe time="350" p0="90.000000" p1="-1.000000" p2="-1.000000" />
													</keyframes>
												</animation>
												<animation index="10" attribute="opacity" enabled="1" allow_runtime_adjustment="0">
													<keyframes>
														<keyframe time="300" p0="0.000000" p1="0.000000" p2="90.000000" />
														<keyframe time="350" p0="90.000000" p1="-1.000000" p2="-1.000000" />
													</keyframes>
												</animation>
											</animations>
											<elements>
												<element index="17" id="AK31" name="Material2941" type="material" large="0">
													<attributes>
														<attribute name="endtime" type="int" value="10000" />
													</attributes>
													<elements>
														<element index="18" id="AK32" name="bracket_missionbriefing_02" type="texture" large="0">
															<attributes>
																<attribute name="endtime" type="int" value="10000" />
															</attributes>
														</element>
													</elements>
												</element>
											</elements>
										</element>
										<element index="19" id="AK33" name="bracket_missionbriefing_1" type="geometry" large="0">
											<attributes>
												<attribute name="endtime" type="int" value="10000" />
												<attribute name="opacity" type="float" value="100.000000" />
												<attribute name="scale.x" type="float" value="3.000000" />
												<attribute name="scale.y" type="float" value="0.220000" />
												<attribute name="scale.z" type="float" value="1.000000" />
											</attributes>
											<animations>
												<animation index="11" attribute="scale.x" enabled="1" allow_runtime_adjustment="0">
													<keyframes>
														<keyframe time="0" p0="9.000000" p1="7.000000" p2="5.000000" />
														<keyframe time="300" p0="3.000000" p1="3.000000" p2="3.000000" />
														<keyframe time="350" p0="3.000000" p1="-1.000000" p2="-1.000000" />
													</keyframes>
												</animation>
												<animation index="12" attribute="scale.y" enabled="1" allow_runtime_adjustment="0">
													<keyframes>
														<keyframe time="0" p0="1.000000" p1="0.733333" p2="0.466667" />
														<keyframe time="300" p0="0.200000" p1="0.200000" p2="0.200000" />
														<keyframe time="350" p0="0.200000" p1="-1.000000" p2="-1.000000" />
													</keyframes>
												</animation>
												<animation index="13" attribute="scale.z" enabled="1" allow_runtime_adjustment="0">
													<keyframes>
														<keyframe time="0" p0="1.000000" p1="1.000000" p2="1.000000" />
														<keyframe time="300" p0="1.000000" p1="1.000000" p2="1.000000" />
														<keyframe time="350" p0="1.000000" p1="-1.000000" p2="-1.000000" />
													</keyframes>
												</animation>
												<animation index="14" attribute="opacity" enabled="1" allow_runtime_adjustment="0">
													<keyframes>
														<keyframe time="0" p0="0.000000" p1="0.000000" p2="66.666672" />
														<keyframe time="100" p0="100.000000" p1="100.000000" p2="100.000000" />
														<keyframe time="300" p0="100.000000" p1="100.000000" p2="100.000000" />
														<keyframe time="350" p0="100.000000" p1="-1.000000" p2="-1.000000" />
													</keyframes>
												</animation>
												<animation index="15" attribute="opacity" enabled="1" allow_runtime_adjustment="0">
													<keyframes>
														<keyframe time="0" p0="0.000000" p1="0.000000" p2="66.666672" />
														<keyframe time="100" p0="100.000000" p1="100.000000" p2="100.000000" />
														<keyframe time="300" p0="100.000000" p1="100.000000" p2="100.000000" />
														<keyframe time="350" p0="100.000000" p1="-1.000000" p2="-1.000000" />
													</keyframes>
												</animation>
												<animation index="16" attribute="scale.x" enabled="1" allow_runtime_adjustment="0">
													<keyframes>
														<keyframe time="0" p0="9.000000" p1="7.000000" p2="5.000000" />
														<keyframe time="300" p0="3.000000" p1="3.000000" p2="3.000000" />
														<keyframe time="350" p0="3.000000" p1="-1.000000" p2="-1.000000" />
													</keyframes>
												</animation>
												<animation index="17" attribute="scale.y" enabled="1" allow_runtime_adjustment="0">
													<keyframes>
														<keyframe time="0" p0="1.000000" p1="0.733333" p2="0.466667" />
														<keyframe time="300" p0="0.200000" p1="0.200000" p2="0.200000" />
														<keyframe time="350" p0="0.200000" p1="-1.000000" p2="-1.000000" />
													</keyframes>
												</animation>
												<animation index="18" attribute="scale.z" enabled="1" allow_runtime_adjustment="0">
													<keyframes>
														<keyframe time="0" p0="1.000000" p1="1.000000" p2="1.000000" />
														<keyframe time="300" p0="1.000000" p1="1.000000" p2="1.000000" />
														<keyframe time="350" p0="1.000000" p1="-1.000000" p2="-1.000000" />
													</keyframes>
												</animation>
											</animations>
											<elements>
												<element index="20" id="AK36" name="Material2941" type="material" large="0">
													<attributes>
														<attribute name="endtime" type="int" value="10000" />
													</attributes>
													<elements>
														<element index="21" id="AK37" name="bracket_missionbriefing_02" type="texture" large="0">
															<attributes>
																<attribute name="endtime" type="int" value="10000" />
															</attributes>
														</element>
													</elements>
												</element>
											</elements>
										</element>
										<element index="22" id="AK38" name="bracket_missionbriefing_2" type="geometry" large="0">
											<attributes>
												<attribute name="endtime" type="int" value="10000" />
												<attribute name="opacity" type="float" value="100.000000" />
												<attribute name="scale.x" type="float" value="3.000000" />
												<attribute name="scale.y" type="float" value="0.220000" />
												<attribute name="scale.z" type="float" value="1.000000" />
											</attributes>
											<animations>
												<animation index="19" attribute="opacity" enabled="1" allow_runtime_adjustment="0">
													<keyframes>
														<keyframe time="100" p0="0.000000" p1="0.000000" p2="66.666672" />
														<keyframe time="150" p0="100.000000" p1="100.000000" p2="100.000000" />
														<keyframe time="450" p0="100.000000" p1="100.000000" p2="0.000000" />
														<keyframe time="500" p0="0.000000" p1="-1.000000" p2="-1.000000" />
													</keyframes>
												</animation>
												<animation index="20" attribute="scale.x" enabled="1" allow_runtime_adjustment="0">
													<keyframes>
														<keyframe time="150" p0="9.000000" p1="7.000000" p2="5.000000" />
														<keyframe time="450" p0="3.000000" p1="-1.000000" p2="-1.000000" />
													</keyframes>
												</animation>
												<animation index="21" attribute="scale.y" enabled="1" allow_runtime_adjustment="0">
													<keyframes>
														<keyframe time="150" p0="1.000000" p1="0.733333" p2="0.466667" />
														<keyframe time="450" p0="0.200000" p1="-1.000000" p2="-1.000000" />
													</keyframes>
												</animation>
												<animation index="22" attribute="scale.z" enabled="1" allow_runtime_adjustment="0">
													<keyframes>
														<keyframe time="150" p0="1.000000" p1="1.000000" p2="1.000000" />
														<keyframe time="450" p0="1.000000" p1="-1.000000" p2="-1.000000" />
													</keyframes>
												</animation>
												<animation index="23" attribute="opacity" enabled="1" allow_runtime_adjustment="0">
													<keyframes>
														<keyframe time="100" p0="0.000000" p1="0.000000" p2="66.666672" />
														<keyframe time="150" p0="100.000000" p1="100.000000" p2="100.000000" />
														<keyframe time="450" p0="100.000000" p1="100.000000" p2="0.000000" />
														<keyframe time="500" p0="0.000000" p1="-1.000000" p2="-1.000000" />
													</keyframes>
												</animation>
												<animation index="24" attribute="scale.x" enabled="1" allow_runtime_adjustment="0">
													<keyframes>
														<keyframe time="150" p0="9.000000" p1="7.000000" p2="5.000000" />
														<keyframe time="450" p0="3.000000" p1="-1.000000" p2="-1.000000" />
													</keyframes>
												</animation>
												<animation index="25" attribute="scale.y" enabled="1" allow_runtime_adjustment="0">
													<keyframes>
														<keyframe time="150" p0="1.000000" p1="0.733333" p2="0.466667" />
														<keyframe time="450" p0="0.200000" p1="-1.000000" p2="-1.000000" />
													</keyframes>
												</animation>
												<animation index="26" attribute="scale.z" enabled="1" allow_runtime_adjustment="0">
													<keyframes>
														<keyframe time="150" p0="1.000000" p1="1.000000" p2="1.000000" />
														<keyframe time="450" p0="1.000000" p1="-1.000000" p2="-1.000000" />
													</keyframes>
												</animation>
											</animations>
											<elements>
												<element index="23" id="AK41" name="Material2941" type="material" large="0">
													<attributes>
														<attribute name="endtime" type="int" value="10000" />
													</attributes>
													<elements>
														<element index="24" id="AK42" name="bracket_missionbriefing_02" type="texture" large="0">
															<attributes>
																<attribute name="endtime" type="int" value="10000" />
															</attributes>
														</element>
													</elements>
												</element>
											</elements>
										</element>
										<element index="25" id="AK43" name="bracket_missionbriefing_3" type="geometry" large="0">
											<attributes>
												<attribute name="endtime" type="int" value="10000" />
												<attribute name="opacity" type="float" value="0.000000" />
												<attribute name="scale.x" type="float" value="9.000000" />
												<attribute name="scale.y" type="float" value="1.000000" />
												<attribute name="scale.z" type="float" value="1.000000" />
											</attributes>
											<animations>
												<animation index="27" attribute="opacity" enabled="1" allow_runtime_adjustment="0">
													<keyframes>
														<keyframe time="200" p0="0.000000" p1="0.000000" p2="66.666672" />
														<keyframe time="250" p0="100.000000" p1="100.000000" p2="100.000000" />
														<keyframe time="300" p0="100.000000" p1="100.000000" p2="100.000000" />
														<keyframe time="600" p0="100.000000" p1="100.000000" p2="0.000000" />
														<keyframe time="650" p0="0.000000" p1="-1.000000" p2="-1.000000" />
													</keyframes>
												</animation>
												<animation index="28" attribute="scale.x" enabled="1" allow_runtime_adjustment="0">
													<keyframes>
														<keyframe time="250" p0="9.000000" p1="9.000000" p2="9.000000" />
														<keyframe time="300" p0="9.000000" p1="7.000000" p2="5.000000" />
														<keyframe time="600" p0="3.000000" p1="-1.000000" p2="-1.000000" />
													</keyframes>
												</animation>
												<animation index="29" attribute="scale.y" enabled="1" allow_runtime_adjustment="0">
													<keyframes>
														<keyframe time="250" p0="1.000000" p1="1.000000" p2="1.000000" />
														<keyframe time="300" p0="1.000000" p1="0.733333" p2="0.466667" />
														<keyframe time="600" p0="0.200000" p1="-1.000000" p2="-1.000000" />
													</keyframes>
												</animation>
												<animation index="30" attribute="scale.z" enabled="1" allow_runtime_adjustment="0">
													<keyframes>
														<keyframe time="250" p0="1.000000" p1="1.000000" p2="1.000000" />
														<keyframe time="300" p0="1.000000" p1="1.000000" p2="1.000000" />
														<keyframe time="600" p0="1.000000" p1="-1.000000" p2="-1.000000" />
													</keyframes>
												</animation>
												<animation index="31" attribute="opacity" enabled="1" allow_runtime_adjustment="0">
													<keyframes>
														<keyframe time="200" p0="0.000000" p1="0.000000" p2="66.666672" />
														<keyframe time="250" p0="100.000000" p1="100.000000" p2="100.000000" />
														<keyframe time="300" p0="100.000000" p1="100.000000" p2="100.000000" />
														<keyframe time="600" p0="100.000000" p1="100.000000" p2="0.000000" />
														<keyframe time="650" p0="0.000000" p1="-1.000000" p2="-1.000000" />
													</keyframes>
												</animation>
												<animation index="32" attribute="scale.x" enabled="1" allow_runtime_adjustment="0">
													<keyframes>
														<keyframe time="250" p0="9.000000" p1="9.000000" p2="9.000000" />
														<keyframe time="300" p0="9.000000" p1="7.000000" p2="5.000000" />
														<keyframe time="600" p0="3.000000" p1="-1.000000" p2="-1.000000" />
													</keyframes>
												</animation>
												<animation index="33" attribute="scale.y" enabled="1" allow_runtime_adjustment="0">
													<keyframes>
														<keyframe time="250" p0="1.000000" p1="1.000000" p2="1.000000" />
														<keyframe time="300" p0="1.000000" p1="0.733333" p2="0.466667" />
														<keyframe time="600" p0="0.200000" p1="-1.000000" p2="-1.000000" />
													</keyframes>
												</animation>
												<animation index="34" attribute="scale.z" enabled="1" allow_runtime_adjustment="0">
													<keyframes>
														<keyframe time="250" p0="1.000000" p1="1.000000" p2="1.000000" />
														<keyframe time="300" p0="1.000000" p1="1.000000" p2="1.000000" />
														<keyframe time="600" p0="1.000000" p1="-1.000000" p2="-1.000000" />
													</keyframes>
												</animation>
											</animations>
											<elements>
												<element index="26" id="AK46" name="Material2941" type="material" large="0">
													<attributes>
														<attribute name="endtime" type="int" value="10000" />
													</attributes>
													<elements>
														<element index="27" id="AK47" name="bracket_missionbriefing_02" type="texture" large="0">
															<attributes>
																<attribute name="endtime" type="int" value="10000" />
															</attributes>
														</element>
													</elements>
												</element>
											</elements>
										</element>
										<element index="28" id="AK48" name="glow_missionbriefing" type="geometry" large="0">
											<attributes>
												<attribute name="endtime" type="int" value="10000" />
												<attribute name="opacity" type="float" value="100.000000" />
											</attributes>
											<animations>
												<animation index="35" attribute="opacity" enabled="1" allow_runtime_adjustment="0">
													<keyframes>
														<keyframe time="0" p0="100.000000" p1="66.666664" p2="33.333328" />
														<keyframe time="500" p0="0.000000" p1="-1.000000" p2="-1.000000" />
													</keyframes>
												</animation>
											</animations>
											<elements>
												<element index="29" id="AK53" name="Material2972" type="material" large="0">
													<attributes>
														<attribute name="endtime" type="int" value="10000" />
													</attributes>
													<elements>
														<element index="30" id="AK54" name="glow_missionbriefing" type="texture" large="0">
															<attributes>
																<attribute name="endtime" type="int" value="10000" />
															</attributes>
														</element>
													</elements>
												</element>
											</elements>
										</element>
										<element index="31" id="AK55" name="missionbar_shadow" type="geometry" large="0">
											<attributes>
												<attribute name="endtime" type="int" value="10000" />
												<attribute name="opacity" type="float" value="50.000000" />
											</attributes>
											<animations>
												<animation index="36" attribute="opacity" enabled="1" allow_runtime_adjustment="0">
													<keyframes>
														<keyframe time="300" p0="0.000000" p1="0.000000" p2="50.000000" />
														<keyframe time="350" p0="50.000000" p1="-1.000000" p2="-1.000000" />
													</keyframes>
												</animation>
												<animation index="37" attribute="opacity" enabled="1" allow_runtime_adjustment="0">
													<keyframes>
														<keyframe time="300" p0="0.000000" p1="0.000000" p2="50.000000" />
														<keyframe time="350" p0="50.000000" p1="-1.000000" p2="-1.000000" />
													</keyframes>
												</animation>
											</animations>
											<elements>
												<element index="32" id="AK60" name="Material345" type="material" large="0">
													<attributes>
														<attribute name="endtime" type="int" value="10000" />
													</attributes>
													<elements>
														<element index="33" id="AK61" name="missionbar_shadow" type="texture" large="0">
															<attributes>
																<attribute name="endtime" type="int" value="10000" />
															</attributes>
														</element>
													</elements>
												</element>
											</elements>
										</element>
									</elements>
								</element>
								<element index="34" id="AK62" type="text" large="0">
									<attributes>
										<attribute name="backcolor.r" type="float" value="0.000000" />
										<attribute name="backcolor.g" type="float" value="0.000000" />
										<attribute name="backcolor.b" type="float" value="0.000000" />
										<attribute name="backcolor.a" type="float" value="255.000000" />
										<attribute name="boxheight" type="float" value="0.250000" />
										<attribute name="boxwidth" type="float" value="0.212000" />
										<attribute name="endtime" type="int" value="10000" />
										<attribute name="font" type="string" value="zekton_unfiltered bold" />
										<attribute name="horzalign" type="int" value="0" />
										<attribute name="horzscroll" type="float" value="0.000000" />
										<attribute name="leading" type="float" value="0.000000" />
										<attribute name="opacity" type="float" value="100.000000" />
										<attribute name="orientation" type="int" value="0" />
										<attribute name="pivot.x" type="float" value="0.000000" />
										<attribute name="pivot.y" type="float" value="0.000000" />
										<attribute name="pivot.z" type="float" value="0.000000" />
										<attribute name="position.x" type="float" value="-123.000000" />
										<attribute name="position.y" type="float" value="9.000000" />
										<attribute name="position.z" type="float" value="0.000000" />
										<attribute name="0x03972110" type="float" value="0.000000" />
										<attribute name="0x0398214F" type="float" value="0.000000" />
										<attribute name="0x0399218E" type="float" value="0.000000" />
										<attribute name="0x042455BC" type="int" value="2" />
										<attribute name="renderstyle" type="int" value="2" />
										<attribute name="rotation.x" type="float" value="0.000000" />
										<attribute name="rotation.y" type="float" value="0.000000" />
										<attribute name="rotation.z" type="float" value="0.000000" />
										<attribute name="rotationorder" type="int" value="4" />
										<attribute name="0x051A161B" type="float" value="0.000000" />
										<attribute name="0x051B165A" type="float" value="0.000000" />
										<attribute name="0x051C1699" type="float" value="0.000000" />
										<attribute name="scale.x" type="float" value="1.000000" />
										<attribute name="scale.y" type="float" value="1.000000" />
										<attribute name="scale.z" type="float" value="1.000000" />
										<attribute name="size" type="float" value="9.000000" />
										<attribute name="textcolor.r" type="float" value="255.000000" />
										<attribute name="textcolor.g" type="float" value="255.000000" />
										<attribute name="textcolor.b" type="float" value="255.000000" />
										<attribute name="textcolor.a" type="float" value="255.000000" />
										<attribute name="textstring" type="string" value="Follow: MMMMMMMMMMMMMMMMMMMMMMMMM" />
										<attribute name="texttype" type="int" value="0" />
										<attribute name="0x0793DEB3" type="bool" value="0" />
										<attribute name="timeoffset" type="int" value="0" />
										<attribute name="tracking" type="float" value="0.000000" />
										<attribute name="usebackcolor" type="bool" value="0" />
										<attribute name="vertalign" type="int" value="0" />
										<attribute name="vertscroll" type="float" value="0.000000" />
										<attribute name="wordwrap" type="bool" value="0" />
									</attributes>
									<animations>
										<animation index="38" attribute="opacity" enabled="1" allow_runtime_adjustment="0">
											<keyframes>
												<keyframe time="300" p0="0.000000" p1="0.000000" p2="100.000000" />
												<keyframe time="350" p0="100.000000" p1="-1.000000" p2="-1.000000" />
											</keyframes>
										</animation>
										<animation index="39" attribute="opacity" enabled="1" allow_runtime_adjustment="0">
											<keyframes>
												<keyframe time="300" p0="0.000000" p1="0.000000" p2="100.000000" />
												<keyframe time="350" p0="100.000000" p1="-1.000000" p2="-1.000000" />
											</keyframes>
										</animation>
									</animations>
								</element>
								<element index="35" id="AK63" name="icon" type="geometry" large="0">
									<attributes>
										<attribute name="endtime" type="int" value="10000" />
										<attribute name="opacity" type="float" value="100.000000" />
										<attribute name="scale.x" type="float" value="0.200000" />
										<attribute name="scale.y" type="float" value="0.200000" />
										<attribute name="scale.z" type="float" value="1.000000" />
									</attributes>
									<animations>
										<animation index="40" attribute="opacity" enabled="1" allow_runtime_adjustment="0">
											<keyframes>
												<keyframe time="300" p0="0.000000" p1="0.000000" p2="100.000000" />
												<keyframe time="350" p0="100.000000" p1="-1.000000" p2="-1.000000" />
											</keyframes>
										</animation>
										<animation index="41" attribute="opacity" enabled="1" allow_runtime_adjustment="0">
											<keyframes>
												<keyframe time="300" p0="0.000000" p1="0.000000" p2="100.000000" />
												<keyframe time="350" p0="100.000000" p1="-1.000000" p2="-1.000000" />
											</keyframes>
										</animation>
									</animations>
									<elements>
										<element index="36" id="AK68" name="icon" type="material" large="0">
											<attributes>
												<attribute name="endtime" type="int" value="10000" />
											</attributes>
											<elements>
												<element index="37" id="AK69" name="icon" type="texture" large="0">
													<attributes>
														<attribute name="endtime" type="int" value="10000" />
													</attributes>
												</element>
											</elements>
										</element>
									</elements>
								</element>
							</elements>
						</element>
					</elements>
				</element>
			</elements>
		</element>
	</elements>
</presentation>
